peptides,predictions
YVMTMILFL,4.894500000000001
YTYSGLFCV,4.7105
YTIERIFNA,2.8918
YMMGIEYGL,5.1509
YLYALYSPL,5.9122
YLSSWTPVV,6.620300000000001
YLSIYGFGV,5.3506
YLMPYSVYI,7.345
YLMDKLNLT,4.255600000000001
YLLFNHFSV,5.430100000000001
YLLCCNYKL,4.673300000000001
YLDFLLLLL,5.1501
YITALNHLV,4.4935
YILCNMALL,4.168200000000001
YIIKNTFNV,5.3674
WLYGYNFII,6.7352
WLIGFDFDV,5.249499999999999
VMYAFTTPL,4.6103000000000005
VLMIKALEL,2.7895000000000003
VLDTTLYAV,4.6072
VLALYSPPL,3.7886
TLYDFDYYI,6.1431
TLTSCNTSV,3.9691
TLIDIWFLA,2.9742999999999995
TLAPFNFLV,5.055999999999999
SMSSYDFST,3.6974
SMLGIWFFT,3.4032999999999998
SLLYLILFL,4.2635000000000005
SLDVINYLI,4.7555
SLAGGIIGV,3.5458
SIMAFILGI,3.5890999999999993
RTFHIFYYL,4.9579
RQIFIHYSV,1.9950999999999999
RLVDFFPDI,5.3629999999999995
RLLDDLVIV,4.3982
RLAVYIDKV,3.8054999999999994
RILPYTFKI,5.679399999999999
QLLDVKLAL,3.948
QLAGYILTV,4.919
NLLLWPLYV,4.8591
MTFGDIPLV,3.5363999999999995
MLNGIMYRL,4.5832
MLNFSIYSV,4.4219
MLMEVFPQL,5.1157
MLLALVALV,3.405
MLDDFSAGA,3.1384999999999996
MIFISSFLL,3.7664999999999997
LMIFISSFL,3.5730000000000004
LMDSIFVST,3.1258999999999997
LLSKNTFYL,5.1722
LLSEIRFYI,5.292199999999999
LLNLLLWPL,4.0382
LLMMTLPSI,3.9335999999999998
LLLWPLYVL,4.2082
LLIKTLSPA,1.9833
KVYDKLFPV,5.2349
KVIQYLAYV,4.8202
KTMAVTYEL,3.7426
KMMLFYMDL,3.9645
KLFYVYYNL,5.2414000000000005
KIDYYIPYV,5.5772
ILYDNVVTL,5.382900000000001
ILSDENYLL,4.776800000000001
ILPVIFLSI,3.9559999999999995
ILASIIDYV,4.206099999999999
HLMFYTLPI,4.7586
GMANTTFHV,3.4977
GLLRVISGV,3.5786999999999995
GLLDRLYDL,4.424099999999999
GLFDFVNFV,5.3746
FVNYNFTLV,4.625900000000001
FVFAWFNGV,5.5199
FTSSFYNYV,4.8356
FTLIDIWFL,4.1576
FMDGKQACV,4.6233
FLSRVFFCV,5.524900000000001
FLSRLVLYA,3.5236000000000005
FLSNGHVTI,4.7423
FLSHNFTLV,5.5201
FLSHDFTLV,5.2715000000000005
FLNISWFYI,5.4998000000000005
FLLPLTSLV,5.639900000000001
FLLLTSIPI,4.368200000000001
FLIDLAFLI,5.360900000000001
FLHTTFIDV,5.1521
FLHNYILYA,4.618600000000001
FLHKRFTLV,5.0586
FLDNECHTI,5.844500000000001
FLAVLSPTI,4.5021
FLAIKLYGV,4.2402
FISSFLLPL,4.8549
FILGIIITV,5.1647
FIISVISLV,4.759499999999999
FIDSNEYEV,5.2507
FIADIGIGV,4.0844
FAAELTIGV,2.6821
ALWIPDLFM,3.4085
ALNHLVLSL,3.879
ALLSRFFNM,4.0323
FVFDRPLPV,4.957
SMDTLLFFL,5.1972000000000005
NLAEDIMRL,3.6026000000000002
KTSTLIFFV,3.9737999999999998
SVVIYDFLV,3.3475
LTLDEQIFV,3.082
NLFTFLHEI,5.016399999999999
FLYGGLLLA,3.9453
YMNYYTTYI,6.5344
MMNERDVSV,3.8075
WLTSILLSL,4.7439
NLATSIYTI,4.3627
KMIYDLNAV,3.4297999999999997
YLFRIVSTV,6.119800000000001
KLLKMVTSV,4.2875000000000005
VIDEILFKV,4.653999999999999
FMYIESIKV,4.5922
YLDGQLARL,5.508100000000001
YLIKLIEPV,4.7045
FLYNVYPGA,4.4639000000000015
GLNDYLHSV,5.5553
ALTNAQFFV,4.7732
LILSLTCSV,3.0984
MLLHVGIPL,3.465
KLFTHDIML,4.304600000000001
QLFNHTMFI,5.2905
YLLGDSDSV,5.188300000000001
YLFNAIETM,5.1723
FTSDYPFYV,6.1398
LMIEYNLLT,2.938
FLIVSLCPT,2.1121
RVYEALYYV,5.7359
ILDDNLYKV,5.3646
SLSSQLSNL,4.1597
YLKEYIPKA,4.5195
ILWQVPFSV,5.5436
SVMNFIPII,3.9109000000000003
ALMRRIAVV,3.7470999999999997
YLYQPCDLL,5.914700000000002
VLSDFRTWL,5.0509
ILSCIFAFI,4.336399999999999
RMILYLESV,4.0124
YIDAYVSRL,5.2365
FMYFCEQKL,3.9312
YLVSFGVWI,5.437399999999999
ALVALVITI,3.468
YLTAIQDFI,4.909700000000001
FLISVIVLV,5.2326
YLMKDKLNI,4.8211
SLSAYIIRV,4.5549
ILFQVPFSV,5.6979999999999995
SMIGLCACV,3.3079999999999994
KLFTDNNFL,5.1474
YLPEVISTI,6.214300000000001
QLNDYEQLL,4.5685
KLDYWSFQL,6.0405
NMISDTIFV,4.1704
FLDQVPFSV,6.6968000000000005
FLYGALYLA,4.732600000000001
YLYFCSSDV,5.4463
LLGTFTWTL,4.5179
SMFLMTATL,4.1096
YILYIVFCI,4.5073
LLLFHETGV,2.7325999999999997
VLLGVVFGV,4.2493
FLYGALALA,4.2892
AMFTAALNI,3.5138
LLMTSLQYA,2.7731
FLRYLLFGI,4.6863
FVFSTSFYL,5.871400000000001
FLYGALLLA,4.2209
KMHDVIAPA,2.774799999999999
SLVSKHWEL,4.2781
FLGMESCGI,2.6171
AMFTTMYNI,4.6256
AMYVAIQAV,3.7619
KMIPLLFIL,4.5136
VLIAGIILL,3.0689
TMLLGVFTV,3.2201999999999993
LLGTWMFSV,5.087
FLKDVMVEI,5.528700000000001
FLLRSIIVA,2.8867000000000003
LLVQRVTSV,3.7658000000000005
MMIDDFGTA,2.135
YLWPGPVTA,4.390000000000001
YLFPGPVTA,4.5444
FILIFNIIV,3.9639000000000006
FMAYTTSHI,3.9005999999999994
RLRSSVPGV,3.9318
KLKDVLLQV,4.5914
ILDQVPFSV,5.6015
SLDSLVHLL,4.6097
FLYGAALLA,3.6846999999999994
YLLMHLVSL,4.7598
IVGAETFYV,3.2419000000000002
FMYSDFHFI,6.4704999999999995
FLHYCNSYA,3.3482999999999996
EMADYIFFV,5.7524999999999995
LIMIYFFII,4.2272
YLRGHTESI,5.055900000000001
NMVPFFPPV,4.6349
FLYVVCSLA,3.6399999999999992
RLYDLTRYA,4.0866
KLQVELDNV,2.8693999999999997
YLAKLTALV,4.989199999999999
FVFILTAIL,3.8229000000000006
LIMFEQYFI,3.6465
YLGPRVCWL,4.758700000000001
ALAPSTMKI,4.279
FVDFVIHGL,4.2494000000000005
LMTFWNPPV,4.3708
LLFGYPVAV,5.2463999999999995
QLLQANPIL,3.9887000000000006
GILTVILGV,2.952
VLYDEFVTI,5.4155
MMKTYIEFV,4.1628
ILYQVPFSV,5.9629
KILSVFFLA,3.0167999999999995
MLIEVILTA,2.9358999999999993
YMDDVVLGV,5.6105
NLFDIPLLT,3.3815999999999997
YTINCLLYI,4.1873000000000005
RLPLVLPAV,4.2154
YLVAYQATL,5.5047999999999995
KVLSIMAFI,4.1251
QLAKLMATL,3.7779000000000003
ILDIAGFEI,3.9709000000000003
YQVAYQATV,3.1622
YLDLALMSV,5.476500000000001
YLLPGFVLT,4.0189
LMQWWSDYV,4.7811
YLFPGPVYV,6.5838
HIFYQLANV,3.7112999999999996
WLSLLVPFV,4.435200000000001
SLFSLLLVI,4.4587
LQDSVDFSL,2.6833
FIISTLNKI,4.2737
NIAEYIAGL,3.8759999999999994
VMLDWGIEL,4.5313
YLPLSVFII,4.791200000000001
KLVSISNFI,4.5735
GILGFVFTL,4.2338000000000005
YLVSSLSEI,5.1983999999999995
KSFFWFNEV,3.3774999999999995
KLYIALCKV,3.7046
FMMVLPGAA,1.8431
YLISIFLHL,5.196299999999999
TLVDICFWS,2.4307
ILMYPTTLL,4.3557
FIVVATAAV,3.5454
KVAELVWFL,4.321400000000001
QLFKYVPSA,3.7598
LLLDYMTST,3.8889000000000005
VLMEAQQGI,3.7216
FLYGALRLA,3.7041999999999993
ALYGALLLA,3.1929999999999996
YTQDELINV,4.1092
LTFWQIDYL,3.3193
ALFGYPVYV,6.041
LMDMITLSL,3.8265
ILMQVPFSV,5.3702
ILSDDMLNI,4.3018
GLIACLIFV,3.5666
GIFCFRILL,3.088
SIMETIDPV,3.8949999999999996
VMKLFTISV,3.3195999999999994
QLMAEKLQL,3.1631
LLYAHINAL,4.3192
MIYGLIACL,3.8163999999999993
LLPFVQWFV,4.6883
LLFGAPVYV,5.054
YLLDRGADI,5.1312999999999995
GLLGWSPQA,3.3611
KLLWFLTGT,2.9094
FLLTRILTI,5.0236
FIHGGILYA,3.0145999999999993
TIWAANAGV,3.2302999999999997
FLLSLGIHL,4.082000000000001
YLYPGPVTV,6.5685
FTNSQIFNI,4.4021
LLTYFCFVA,2.1901999999999995
HMYFTFFDV,5.035899999999999
YQYVRLHEM,2.4871999999999996
TMFKIVYSL,4.608499999999999
YLVAYKATV,5.3681
VLYPVIFIT,4.062099999999999
YLAPGPVTA,3.6637
TLWAIINTI,4.4521999999999995
YLKAYQATV,5.696
FVDTMSIYI,5.0097000000000005
WLMKNMDPL,4.443200000000001
LLQLTVWGI,3.3419
SLSLHPLYV,4.1069
KIMSIGFEA,2.6883999999999992
GMFGGCFAA,2.5707999999999998
YIVAYQATV,5.019
GQWDGWVWL,2.1777
KIAPGIADI,3.6965999999999997
NIFMTLVPV,3.3124
RLYDYFTRV,6.7033000000000005
KTWGQYWQV,4.2383
QIFEVYWYL,5.826700000000001
RLNDFLGLL,4.6518999999999995
WLDQVPFSV,6.1656
LLSLFSTLV,3.7208999999999994
AMAKAAAAV,2.7032999999999996
YLMPGPVTV,5.9758000000000004
LMMSCISCI,3.0953999999999997
VIHDYICWL,4.2888
MMWYWGPSL,4.8553999999999995
LLTEVETYV,4.425
IISYIILFI,3.856
MIGNYFSGV,3.6309999999999993
WVMDTLNGI,3.9831
IMFMLIFNV,4.122999999999999
IILAISALL,3.1057
NMQTVKLFV,3.5888999999999998
KLVAYQATV,4.5382
NIYSALMTL,4.574199999999999
LLVAPMPTA,2.2069999999999994
LIVRYLIQV,3.5831
LLLEAGALV,3.6239999999999997
VLSIMAFIL,2.8029
YLMDEEVPA,3.545
SQYYFSMLV,2.6801999999999997
KMQQNIQEL,4.0264
IMEYHLLFA,1.9568999999999999
FMGVIYIMI,3.5652
YLLAVCGCI,4.0093
KLYLVDYGL,4.4733
FLKDVEPLL,5.0298
YVGDTSMMV,4.111800000000001
LMTLYQIQV,3.2882999999999996
RMQKEITAL,3.7598
ILDNAAKYV,4.2459999999999996
VVLGVVFGI,3.3247999999999998
FIDILLFVI,4.5404
FLTGTFVTA,3.7834000000000003
MILVPLITV,3.1853999999999996
YIALCKVTV,3.3074
GLLDSIKMI,3.7703999999999995
FSWTITDAV,2.8297
QIFNIISYI,4.898199999999999
FVWLHYYSV,4.776300000000001
YLAPGPVTV,5.4229
LLWSFQTSA,3.1878999999999995
KLYTIVSTL,5.2826
ILATLNTLI,3.7821000000000002
HLTENNLYI,4.9639
YQLAGYILT,0.667
TMPELAWAV,3.955
YAIDLPVSV,3.5523
LLAQFTSAI,4.138999999999999
VLPVPGASV,3.1294
LLTFWNPPV,4.705
IMIGHLVGV,3.3684
VLSEYETMV,4.5339
VLWAHGFEL,4.086500000000001
LLLAGIPLA,1.7062
YLRLYIILA,3.3998000000000004
YLKIGTLLV,4.1715
YLYPGPVTA,4.8093
KVEKYLPEV,4.2397
LLDVPTAAV,3.9704999999999995
LLIHFLLSL,4.042999999999999
ALMDKSLHV,4.142
YTALHYYYL,4.1145
QLFEDNYAL,5.2095
FLICHNLRA,2.3871
YVVAYQATV,4.6993
LMDCIMFDA,2.513
AVIGALLAV,3.092
YLVAYQATV,5.5953
YLLPAIVHI,5.281200000000001
RLYEWQHVS,3.5835999999999997
FLLLADARV,3.7856000000000005
KLLNMRDLI,3.5336
GMLSSLHTL,3.8701
FVARVFLGL,3.7793
KMIKNLTQL,3.9333
FVAVHPVDV,3.1459
IMDQVPFSV,5.2673
FVIGGMTGV,3.8696
FLDWIKDIM,4.0737000000000005
GLFIYIPGT,2.7984
KLIGITAIM,3.6734
MMNITRLEV,2.8842
FMYTKHSML,4.9112
SLSHNFTLV,4.6601
VLYGPDTPV,4.9021
KVFGSLAFV,4.6438
ILSQVPFSV,5.1716
GLIEEMASA,2.3761999999999994
TLLGDGPVV,3.2916
ETDDYMFFV,5.5548
WLKGNISPV,4.7223
YLVAYQAKV,5.143
GLVGLVTFL,3.9211
ALYWALMES,2.3673
YMFFVIKNL,4.921200000000001
GLHCDFACL,2.5585
GLIYTYSGL,3.1627
LLLLGLWGL,3.2818
GLIMVLSFL,3.6815
QLVWENFLA,2.5083
KLQEMEGTV,3.541499999999999
VLIQRNPQL,3.9194000000000004
YLVAYQATI,5.5668
YLSPGPVTV,5.777200000000001
ALLSCIRNA,1.4335999999999995
LMTAISQGI,2.783
YLSGANLNL,5.477100000000001
SLLPAIVEL,4.6458
LLTEVETPI,3.8518
HIMPNSFRV,4.6751000000000005
GLLGNVSTV,4.1967
RVIEVLQRA,1.8502
LVITINYFL,3.9563
CINGACWTV,3.8841
LLTDTIESA,2.2124999999999995
WLGAAITLV,3.7359999999999998
FLLRWEQEI,5.4205
SISSVLTIL,3.791
LLFFLALSI,3.6112999999999995
LLLCLIFLL,3.6599000000000004
ALVGLFVLL,3.8976
SLDDYNHLV,6.2010000000000005
IMDEPTSSL,4.9542
IMMGVLVGV,3.9289999999999994
GLYEAIEEC,1.8094999999999992
YLLFGIKCI,3.6793000000000005
IIPFIAYFV,3.5501000000000005
YIWIKNLET,3.0018000000000002
VMGTLVALV,2.4523
TLLNETAKV,3.7131
YFSDVSAPV,3.7914000000000003
NLAADLTQI,3.4143
RMQFSSFTV,4.3576
GMFNMLSTV,4.384499999999999
ALIRILQQL,3.7722
ILISLINSL,4.1046
KLQKDLEGL,3.0687999999999995
RMYGVLPWI,6.1579999999999995
FLGGTTVCL,4.0074000000000005
YLVAKQATV,4.7478
FVSCDFTIV,3.6557000000000004
ALALEQYGI,2.8815999999999997
ILHCANFNV,3.8423
FVDGVPFVV,5.2544
VLFLQMMNV,3.7032
LLFNEKLKV,3.7554999999999996
NLDLFMSHV,3.7897
KLFFAKCLV,3.3213000000000004
YAAEMVEYL,2.9142
KIGDKFQTV,3.8739
LIQEIVHEV,3.7222
KMFCQLAKV,3.6440999999999995
GIRPYEILA,1.8347
ALIGTMCGI,3.2376999999999994
VMISILNPV,3.6668000000000003
RILQQLLFI,4.2665
LLAVLYCLL,2.2313
IMTSYQYLI,4.521800000000001
FLFMDRDAL,4.1213
RLLGTFTWT,3.9763
QIITLTAFV,3.7767
KIFGSLAFL,4.872999999999999
ITWQVPFSV,4.2247
ALWEIQQVV,4.3626
FIQNIDFKA,2.9812
KLHLYSHPI,4.411700000000001
ILVGYMSNL,4.5405
ATVGIMIGV,2.4959
SVYDFFVWL,5.6538
VLLPSLFLL,4.7592
RMPEAAPPV,4.1245
YIIRVTTEL,5.0448
ILSNKLLYA,2.849299999999999
YLHRDIFDI,5.5786
VMVTITQNV,3.2061
ITATFTAPL,2.6663
GLISLILQI,3.6445
FMECNLNEL,4.1083
FLYGALVLA,4.2136000000000005
YLLEKSRAI,4.8429
SMEAEMIQL,3.2363
SIFVSTMPV,3.7845999999999993
YMNGTMSQV,5.3324
ITMQVPFSV,4.0513
IIDQVPFSV,5.0252
SLFNTVATV,5.0214
AISAVYFKA,2.1998999999999995
LLMGTLGIV,3.4352999999999994
TLMNVITLV,4.593999999999999
AAAATCALV,1.1469999999999998
YLSPGPVTA,4.018000000000001
YMLDLQPET,3.792100000000001
SLMAFTAAV,4.5968
YLSGTDDEV,4.9655000000000005
LLNMRDLIV,2.5347999999999997
SLYNTVATL,5.1958
KLADMSIYC,2.1088000000000005
YAYGWIPET,3.9341000000000004
LLNESNIFL,4.8612
LLGRNSFEV,3.8362
TVYPKTHYV,5.133500000000001
FMFSTVATI,5.5126
HLMSDNPKA,2.7560999999999996
LLWDYMCIS,1.9024000000000003
YLEPGPVTV,5.5878000000000005
RLMKQDFSV,5.0158000000000005
NMLSTVLGV,3.1486
ILAADLEKL,2.6124
FANNEFTLV,3.3266999999999998
RLFDFNKQA,3.8015999999999996
LISIFLHLV,3.1661
KLLYAAEMV,2.9028
AILHNIYRL,3.5172
YMLWNSWLS,3.136300000000001
FQQPQFQYL,3.5354
MAWGGSYIA,0.41609999999999997
FLCKQYLNL,3.9288000000000007
QLQDTQELL,3.4665999999999997
AMTAFFGEL,3.2542
IILLILSCI,2.4048999999999996
TLNTLITLI,3.9705999999999997
LLKDLMPFV,4.7575
FLKDVMESM,4.6239
LAALFMYYA,0.3790000000000002
FICWHSSEI,3.9131
KLAEIFQPF,3.7408
SLTCEVDAL,2.52
HLINKLLST,2.5785
STISWMMKL,3.8421
KVLEYVIKV,4.1158
LLILSCIFA,1.8231
TLFLLFLEI,4.0343
SLFNTVATL,4.930899999999999
ATLNTLITL,3.0013
IMYTYFSNT,3.8011000000000004
RLIDFLKDV,4.8381
GLMWLSYFV,5.0159
HLREYQDLL,4.1078
KLVGKLNWA,2.8562999999999996
GLVDLFVFS,1.707
FANSKFTLV,3.4329
GLQDCTMLV,3.8682
FMFSTAATI,5.1623
FTDQVPFSV,5.3779
RIFYNILEI,4.4436
ILPDKIDGL,3.6471
TLPELNLSL,4.352
GLSRYVARL,3.93
IMIGVLVGV,3.5759999999999996
STYPGNTFV,4.747599999999999
FANTEFTLV,3.1286
FKNSSNLFT,0.8373999999999999
FLEQGGFKA,2.9827000000000004
IMPQGEAGL,2.5865
YLEPGPVTI,5.5593
KVAEIVHFL,3.9572000000000003
ITFQVPFSV,4.3791
NLPIYSEEI,3.7032000000000003
VVMGTLVAL,3.1377
ALMTLDDLA,1.6788000000000003
FTILEYLYI,3.4318
CILESLFRA,1.4554
VTDYVHEGV,1.8269
FANHAFTLV,3.1925999999999997
VTTEVAFGL,2.48
SIISAVVGI,3.037
NISGYNFSL,5.300000000000001
YVHGDTYSL,5.110000000000001
KVYGRYSAV,4.3021
IIITVGMLI,2.9382
WMMAMKYPI,4.1342
GLIIISIFL,3.5786000000000002
ILLAELEQL,2.9111000000000002
FLPGQYMNI,5.179600000000001
NCLSLLLSV,1.3580999999999999
VLLDYQGML,4.0538
FANDKFTLV,3.7821999999999996
RLASSVFDL,4.6279
LMWYELSKI,3.4378
SLYNTVATI,5.2578
ILHNGAYSL,3.7139
MMFDAMGAL,3.9822
GLYIPGTSV,4.1079
TLNFPISPI,3.7664999999999997
YLVAYQATF,4.654
KIMEIVSHL,3.7767999999999997
NLGNLNVSI,3.6483999999999996
KVAELVHFL,3.7218
ALLAGLVSL,3.5225999999999997
LILNFLDWI,3.8781
FVNYDFTIV,4.1093
LMWITQCFL,2.9137
ILHEPVHGV,3.9924
FIALNLSFI,4.22
FVNYDFALV,4.2158
YQDPQNYEL,4.3842
FANCNFTLV,2.9184
FIHFFTWGT,3.1487
DLMGYIPLV,5.2389
KVCAITPTI,3.0991
KLREYEAAL,4.3514
RVFKKIMSI,4.3033
KILSDENYL,3.5639
VLTALLAGL,2.9168000000000003
LLNATDIAV,3.3716999999999997
HLYSHPIIL,4.5885
FSAVISGSV,1.484
SVMDPLIYA,3.0283
RLNKRSYLI,4.6584
SLNSMYTRL,4.218
SMSQELAEL,3.9441999999999995
MIFVSSIFI,3.7645999999999997
LLAALFHDI,3.7117999999999998
YTDQVPFSV,5.6374
HTICDDYFV,2.5688999999999997
YLEPGPVTL,5.497300000000001
NMCNSDVSV,2.8446
YIYGIPLSL,6.011800000000001
ALAKAAAAA,1.2783
AIYGRPVSA,2.6995
ALAKAAAAM,2.3288
ILEDQNCKL,3.4601
RILGAVAKV,3.6544999999999996
LQQSTYQLV,1.3127
SMMSMYGKA,1.7425000000000002
QLQCHQIAI,2.9203
AMNREVSSL,3.5489
YLVAYQKTV,5.2446
FLEESHPGI,4.757000000000001
IAATYNFAV,2.8243
LLAGLVSLL,3.4427000000000003
ALDVYNGLL,4.1042000000000005
ALINDQLIM,2.6805
FAVQTIVFI,3.0814
MMLVPLITV,3.4274999999999993
LMDCIIFES,1.526
FMYSTVATI,5.7775
RIWSWLLGA,3.404899999999999
GLTSAVIDA,1.7614999999999998
ALCRWGLLL,3.5571
ITDQVPFSV,4.2826
ALVEICTEM,3.6697999999999995
LLCLIFLLV,2.8251
TLGIVCPIC,-0.2358
FANHDFTLV,3.1216
YVLLHLLVV,3.4090000000000007
IVYCLNALV,3.3724
ALEAKIAQL,3.5077
HLAVIGALL,2.7305
QIMECSRML,2.8388999999999998
TIAVSVYGA,0.5358
YVITTQHWL,4.7195
RLNKVISEL,4.7736
HLIFSYAFL,4.0209
YMIKKLLKI,4.5001999999999995
KIFEYGFTF,4.8536
ALSMADIFI,3.5952
ATISYRIKL,3.0149
LIVGIIFTA,2.4673
YIPPCQCTV,4.4512
AMHYIRHRA,1.357
IVVALSSLV,2.3619
ALKGTNESL,3.806
IITILQDIV,1.6248999999999998
LIAGIILLI,3.2921
PLLPIFFCL,4.035500000000001
ALLKHRFEI,4.2649
ILYAAFLWL,5.2551000000000005
FLPWHRLFL,5.288500000000001
ALASAAAAV,3.2449
ALVSDCAST,2.215
ILAGYGAGV,3.890599999999999
SILGCDVSV,3.3177999999999996
FANNKFTLV,3.439
FLPSDFFPS,3.162000000000001
KINIFMAFL,3.9358999999999997
VLQAGFFLL,3.7918000000000003
YALTVVWLL,3.6485000000000003
LVPFVQWFV,3.7923
FANHNFTLV,3.3702
VISKIYTLI,3.558
FIASAPQQL,3.973
MVNTVLITV,3.6413
DLERKVESL,3.0105000000000004
WMNRLIAFA,2.9155999999999995
SLPPPGTRV,4.3261
KLCPVQLWV,4.5652
VLSDFKSWL,4.759499999999999
IIMEEGNSI,3.5267
SLFYTVATI,4.6601
HVDGKILFV,4.2534
GLRQQLEDI,3.0077
YLDADREFL,5.1080000000000005
LLPSLFLLL,4.0237
LLTACTIFY,3.1083999999999996
ILRKIFYSV,4.6728000000000005
FLEPGPVTA,3.5691
ILFLTVATL,3.9683
ALCKVTVPT,1.7915999999999999
ALPHAILRL,3.4572000000000003
ALTVVWLLV,3.1224
GMRDVSFEL,4.268
SLFKNVRLL,3.957
MIIGEPIIV,2.9619999999999997
FTGITLFLL,2.8819000000000004
ALAKAAAAI,3.009
ILAIIFLVL,3.0414000000000003
YVPGYSITT,4.014900000000001
GLDVLTAKV,3.5406
YTFLYNFWT,4.429600000000001
SLTTIGTIA,1.7500999999999998
TLIQYRQQL,4.1823
KIDKLTFQI,4.6746
YINMAWNLV,3.9490999999999996
KTWKPTIFL,3.9834
TMSIYIAVA,1.6977999999999998
VLTSVDIET,2.0717000000000003
LLYILRYIV,3.918
YLEPGPVTA,3.8286000000000002
RFLEDYFGV,2.7237
NCLTLLLSV,1.1661000000000001
ILLLCLIFL,3.3854
HLYQGCQVV,4.280399999999999
TLVPQEHYV,4.0950999999999995
VVFQTSATI,3.8811
FLYNRPLSV,6.001
RIITILQDI,3.8044
QLIPCMDVV,3.4229000000000003
RMAWGGSYI,3.7913
FANHKFTLV,3.1664
LLSLLVIWI,3.6845999999999997
MAFDISVNA,1.0795000000000001
KMNIQFTAV,3.6883999999999997
KASEYLQLV,3.0967000000000002
KLYERNTAF,4.5892
KMAVEVGSI,2.2977999999999996
RLAELIGPA,2.1779999999999995
LVLGTLEEV,2.7531999999999996
SLSTKLKQV,3.7493999999999996
KIYKIIIWI,5.268999999999999
FVRELLTEV,4.352
FLHPKHWGT,3.805100000000001
VMSELFDTL,3.8992
CLLQSLQQI,3.1729
GMQFDKVYL,2.7157
SMIEAESSV,3.8328000000000007
VTWHRYHLL,2.708
MMVILPDKI,1.9706
IILLFDFSI,3.5425999999999997
FIPIIYSKA,2.2447999999999997
VILGVLLLI,3.4596
CLTSTVQLV,2.7956
PLWESATEV,3.6347
AIHNVVHAI,3.5336
IMAFILGII,2.193
VLIALSVLA,1.4897
IISTFHLSI,3.4598000000000004
KIWEELSML,4.1446
RLLGSLNST,3.1640000000000006
ILFIMFMLI,4.093999999999999
TILATLNTL,3.102
SMPPPGTRV,3.9919000000000002
NLLDRLLLI,4.0996
FIYLLFASM,4.5069
WITQCFLPV,3.8340999999999994
GLAGLQTDV,3.6154999999999995
GLILFVLAL,2.9823
KLQWLFAAL,4.3519000000000005
ATLGTVILL,2.5544
NILMDSIFV,3.0629999999999997
LLTFWNPPT,3.0472
SLEATFIDV,4.1316
VICSFLVFL,3.178
GILGTIIFA,2.0904999999999996
YIFATCLGL,4.527799999999999
HLAGFIHAC,1.6375999999999997
ILDSVGIEA,2.6608999999999994
SLENFRAYV,4.8126
LLQYWSQEL,4.447800000000001
AMLQLDPNA,1.8673
IAGGVMAVV,1.2189999999999999
ALAKAAAAL,2.947
GMGQKDSYV,3.1590999999999996
MVDVSMMSM,2.5682
VLYGPDTPI,4.8736
ATAKAAAAV,1.7186
KLFPEVIDL,5.008900000000001
ILSLETVKM,2.4477
RLFTKVKPL,4.317
FLSLGLVSL,4.3109
KLPTWLGAA,2.9097999999999997
LLWFHISCL,3.3316999999999997
CQLAKTCPV,-0.026499999999999968
QLMPYGCLL,4.351
RLFTRCAVI,4.3812999999999995
LLLEVEQEI,3.7928999999999995
KQYGDIDLL,2.3019999999999996
GTLGIVCPI,1.9889
LLWKGEGAV,2.7405
YMIMVKCWM,3.3514999999999997
LLFLLLADA,2.0976999999999992
ILWGYGFLQ,2.3225
DLGPAFTEL,4.0649999999999995
YIFRNTINM,4.7472
YIDISDVKV,4.085100000000001
TVQEFIFSA,2.5267000000000004
ALKMTMASV,3.4614
MVTDKTAYI,3.9689
STSFYLISI,3.5475
LTYSQLMTL,3.6429
IVYGRSNAI,3.7792
LVGPTPVNI,2.621
VIPDELIDV,3.588
YVNAILYQI,4.8614999999999995
AIAKAAAAV,2.4612
VLQQNNSFI,4.5718
LIFFVIILA,1.9197
AMIDRLHQT,2.3742
KTIECSKEL,2.4667000000000003
VLETAVGLL,2.6822000000000004
FLGGTPVCL,3.8094000000000006
ILDEAYVMA,2.9171
FLWGPRALI,5.5207999999999995
ALIHHNTHL,3.5503
KLLSTSNVI,3.8971000000000005
SMFITAATI,3.5618999999999996
FVDYNFTIV,4.7258000000000004
IVVPVIDRL,2.7464
YLKEACNHA,3.0324999999999998
LLALQQLEV,2.6742999999999997
SIDHCSSFI,4.0708
ELMESRMRI,4.0792
SMFSTVATI,4.6526
RQVSVKLLI,1.4329999999999998
NQMIFVSSI,1.5578
YNLSLSAAV,1.6522000000000001
YFLRRLALV,2.7085999999999997
SQVSFQQPL,1.4703000000000002
IQYRQQLEL,1.8783
DMYDQQLSV,4.638400000000001
LLYMTSATI,4.3183
IISCTCPTV,3.2523999999999997
GLSRYVPRL,4.126100000000001
MMLAQAYYG,-0.4507000000000003
RLYQASAVM,4.3824000000000005
KAACWWAGI,1.7449999999999999
WILRGTSFV,4.1227
VLPPLSADL,4.218400000000001
AIQIQMFEA,1.5035999999999998
ELLEMKYAL,4.109999999999999
GMKAFTAAV,3.308
KMEDSVGCL,2.8983
NLDISSVQL,3.5953999999999997
SIFISFYLI,4.252699999999999
MINKLYGYA,1.6898
ACMDGFEVV,1.1294
AAGIGILTV,0.48670000000000013
KINEMVDEL,3.4982999999999995
IVFVFILTA,1.8449999999999998
KLFGFGAQF,3.9095
CAPHRVSGV,0.24409999999999998
FVNHDFTVV,4.1625000000000005
SIKDSMYVI,4.0036
FVNHRFTLV,4.3773
NVIEDITFL,3.8028
VLSDFKTWL,4.8934
STITNEFCV,2.3699
SVDFYQFRV,4.2339
YFVAYQATV,3.338
QIIGYVIGT,2.1390000000000007
ALSTGLIHL,3.1850000000000005
KMVGTVQRV,3.1792
SMELPSFGV,3.5283999999999995
EMPPHIYAI,4.6615
LISSDGARV,2.6108
KLYGYASLT,3.9057000000000004
LVMDKNHAI,3.8456
WAPEGDIRL,1.6716000000000002
VISVIFYFI,4.0015
MLLAVLYCL,3.7098
MIIIVIAII,2.6033999999999997
KMFCQLAKT,1.9862999999999995
LLAVGATKV,2.1061
IILFILFFA,2.3973
SLYNTIATL,5.42
ALGYTTEEI,2.8789
EMDKDDESL,3.3974
CTMERTNDL,2.3633
FLLYILFLV,5.5327
TIAVITETI,2.4463999999999997
ELDSNLYRI,4.9186000000000005
RTNDLTALL,3.6817
CLALSDLLV,1.9143
YVIKVSARV,4.1199
KIWEELSVL,3.9200999999999997
TLHEYMLDL,4.736599999999999
SLVITYCLV,2.6517
VQYRILPMI,2.3771
ILQMREIIT,0.5406
LLDCIMFQS,1.7286000000000004
FIMIVGGLV,3.2504999999999997
ILGTVSWNL,4.0013000000000005
YLVWQPMSA,3.4823
SIFLHLVKI,3.3593999999999995
LIGNESFAL,2.9475000000000002
YMIKLAKEV,3.9716000000000005
GLPMNTGWV,3.4579
AAAKAAAAV,0.8255999999999999
MIYDLNAVT,2.8306
MSDIFHALV,1.26
VLNIVLFIL,3.6938000000000004
KVIKLVKSL,2.7736
CNYTKFWYV,1.9346
KLFIRQEEV,3.4995
ILGLPTQTV,3.1688
QLEELEDEL,3.1973000000000003
LLNETAKVI,3.0991999999999997
VMTEGRHAV,3.1256
IISSKQYPA,2.0248
KLSNAKWLA,2.9465000000000003
SVSDFDLRI,3.4524999999999997
GLACHQLCA,0.3100999999999998
VLHSFTDAI,3.7401000000000004
GLENGLNYI,3.952
SLVENALVV,3.423
RLEARIAQL,3.819
ELRRQVDQL,2.7253
ALQNVMISI,4.4904
QLLKILDNL,3.4898
KTPVIVVPV,2.2781
NLYKVYNGI,4.6386
SLADTNSLA,2.7345999999999995
SIIDPLIYA,2.9949999999999997
TILLGIFFL,3.2948999999999997
LLVFACSAV,2.9506
FFGWEGVGV,1.2825
AVITETIPI,2.9419000000000004
YLVTRHADV,4.3896999999999995
YMFESKSMK,3.0309
VMPEKRNVV,3.1207000000000003
FLEQQNKIL,4.372600000000001
RALAETSYV,2.5035
GLGQVPLIV,3.0293
RMYGISPWT,4.4538
FLVFVKPTT,2.8984
KTFAIIAIV,3.2047999999999996
FIQWTGGNI,3.3654999999999995
LISLNSMYT,1.8053
GLFLSLGLV,3.1427999999999994
KVYLSTFNM,3.5768000000000004
LLEGEEERL,2.3912000000000004
GVLIAGIIL,1.3073000000000001
CVDHPFIYV,3.6767000000000003
TICLKNEGV,1.1674999999999998
TIAHINTLI,3.2272
ITLVVISVI,1.9103999999999999
LLDCLMFQS,1.4932
ELQAALARV,3.3002
SLFNTIATI,5.217099999999999
KVADLVGFL,3.1208
IVILFIMFM,2.5347999999999997
LLDCIMYQS,1.6054000000000006
SICLDYIIV,1.9020999999999997
SLFNTVATI,4.9929
FIILLLAIV,3.4441999999999995
FLAGALLLA,3.0753
FTFDNSKFV,5.028700000000001
VQEFIFSAL,1.1564999999999999
FTDTCGASI,3.5898000000000003
FMGAGSKAV,3.0383000000000004
SLNSTPTAI,4.450399999999999
ITSQVPFSV,3.8527000000000005
IVCIVAAVI,0.9959
LVGLVTFLL,2.4774000000000003
PMGKLTFFV,3.1577
LLIDDSFSS,2.1275000000000004
SVSRDFTLV,3.5444999999999998
IVIGVIILA,1.6374
YATVAGHEG,-2.1255
DPKVKQWPL,1.2828000000000002
IQLFSDFTI,1.5987
FGSGWTWVV,2.6391
QVMSLHNLV,2.9157
STLIVTIYV,3.1403999999999996
KTIISEEYL,1.7331
SLETENSAL,3.8471
VILKDPRIA,0.2772999999999998
SVPLPCQLM,1.9391
WTDQVPFSV,4.8467
SLFYTVATL,4.5981
LLGLILFVL,2.9463
FINFFNLLA,2.7645
ELSRLRYNL,3.9638000000000004
SMKGENVFI,4.147399999999999
SLFSTVATL,4.924799999999999
MLKLFTHDI,3.7307999999999995
LTFDVFRPL,3.4434
IVPDADPPI,3.4071000000000002
QLCDEITIL,3.2716000000000003
KVTGSYNLV,3.3663
AVMDPFIYA,3.1261000000000005
SIISTFHLS,1.2386000000000001
TIGTIAGGV,1.275
AMAETGCDA,0.9442999999999997
KIISEIGQL,2.8777
YVILKDPRI,3.2428
YISDYKMLT,3.9760000000000013
DLLNVTYNI,4.5861
ILKEPVHGV,3.8914
TVGMLIYSM,1.6232000000000002
KLRQGNTLV,4.0263
YLVIYLNRT,3.1453
WLEPGPVTA,3.0379
PLPCQLMYA,1.2711000000000003
LGYPFAWFL,1.8352999999999997
LVDLFVFST,2.1583000000000006
ALKKETIVL,3.2614
GVNACQVGV,1.8205
RLDLAGRDL,3.2105
FVSTMPVET,2.3704000000000005
TVILGVLLL,1.5551000000000001
LLEGEESRI,2.9421
RVYINVVVK,0.9656000000000002
NVDIIDLLL,2.6251
KLFKRERDA,1.7723999999999995
TLVAIFSYI,4.2515
TILEYLYIM,3.7686
YASLTTIGT,0.7407999999999999
RLTEELNTI,4.642799999999999
FMSHVKSVT,2.4821000000000004
SLYNTIATI,5.481999999999999
IAVSVYGAI,1.1444
AIVFVFILT,1.4743
LMTLKDAML,2.1957
ALIICNAII,2.7888
MLDLQPETT,1.8473999999999997
STPPPGTRV,3.0072
SLSRFSWGA,3.1050999999999997
SLFNTIATL,5.155099999999999
LTNAISSRV,2.2956
MTSYQYLII,2.0573
ELDDLLVDL,4.8288
FVTWHRYHL,3.7718000000000003
WIKDIMTST,3.1653000000000002
YVIPHVHAF,3.8598000000000003
FTYTGGYDV,4.2371
RLQQELDDL,3.8635
AVIIMAINV,1.7738
NTIDKSSPL,2.8875
SQCQAIHNV,1.2694999999999999
NGYRWQHQI,1.3277999999999996
DTMSIYIAV,3.062
ILSNTTKTL,4.1317
IVMGNGTLV,3.3293999999999997
GIGILTVIL,1.4979000000000002
FANYNFTLL,3.2195
CTINVNSLA,0.5001
CMLDGGNML,2.2979000000000003
RIVVALSSL,3.0541
PISDYSAEV,3.9243999999999994
SLYSTVATL,5.1897
HIKTIAVSV,3.0039
FMLNVSYLC,2.597900000000001
TLILSNKLL,2.7974
LLQEKYGLI,3.4168
LTTVFIKYV,2.2968
SLEGDLEDL,3.6661
VQQESSFVM,1.0574
VSPLAVTWW,0.8497000000000001
GAAITLVVI,0.2157
KISLNEILT,1.0742999999999998
GVLQTFMRM,2.2889
KLEMDLKDL,3.0282
ELQAQIAEL,3.543
SALMTLDDL,0.8886000000000002
VTLNRIKIA,0.031300000000000036
DLNIFMTLV,3.776
GVLDKDLFT,1.6739
AVTLNRIKI,2.0317
VIERINLLV,3.1944
FAHELEMLC,-0.32999999999999985
LLPLTSLVI,2.8141999999999996
NLTQLFKYV,4.3898
FTEGKINPL,3.6865
TIIFVLISI,3.1821
LLYKQLNFT,3.2861000000000002
SVIDPLIYA,2.6752999999999996
PASISSVLT,-1.4459
VMGGNAAEA,0.9363000000000001
LVLMAVLYV,2.6061
ILDNQGRVV,3.096499999999999
ILSPHNVVT,2.6672000000000002
RLIWSHHHI,3.8185000000000002
WLPWIPQLI,4.6517
FILFFAYVM,3.2202
SLQSAGFTA,2.7641999999999993
QIVTFFQEV,3.5202999999999998
TSVPKCWLV,2.1319
GLRALRETL,2.5605
DIINSVSII,2.7705
NLEKQIATL,3.8743000000000003
LISILMIFI,3.1841
IILNKIVQL,3.2521
RALLNMIGM,0.7807
IVTDLENRL,2.3318000000000003
SLNFMGYVI,3.4548
FIKGFLYHT,3.0808999999999997
NTFVNFNSV,3.2228
KCFGNTALA,0.7054
LLVVMGTLV,2.4565
ALPYWNFAT,3.9210000000000003
FLADYRGKT,3.3578
PLNDNIATL,4.1162
VLEKKVCAI,2.6573
MAAAKTPVI,1.1427999999999998
YLGPTIRVW,3.8786999999999994
NMETLNMTM,3.1342999999999996
IVIEAIHTV,3.7733
KASTISWMM,2.1403999999999996
MNIVLIALS,-3.1882
NLQSLTNLL,3.8334
FLARKGIDT,2.5175
NICQGDTIV,2.012
YIALGRARV,2.9791
SLHVGTQCA,0.8393999999999999
IIGEPIIVA,1.1948
ATDALMTGY,2.2188999999999997
RLQMAGVEV,3.1947
YLGPQFCKS,1.7796
TVGMSIVCI,1.0565
SNPNLFWAV,1.6593
AAIDRQVSV,2.013
HILHAYCGI,2.4059999999999997
GLESIEQNL,3.1590000000000003
DLLLPSTDV,3.473
YLDFGGPEG,0.7531000000000003
NIEVKLFIV,2.8362999999999996
FANYGFTLA,1.0976000000000001
YLSKEDRII,3.9016000000000006
RTMPNESRV,3.2901000000000002
KMSEYKGPV,4.1357
TINVNSLAL,2.6275
PIGMQFDKV,0.8570999999999999
ITVLTSVDI,1.5827
GIYKDNLLL,3.783
RVTTELNIV,2.7685
AISDPCMGL,3.7172
LLEQLIENI,3.377
CIVAAVIIM,0.8069
LVKSGLTEV,2.7962
LQQNNSFII,1.7377
ELWKDVDRI,3.3829
SAYIIRVTT,0.6964999999999999
MLARACQHA,1.1219
DLKITDVII,2.1945
CNYTRFWYI,1.8011
IIILAVLFI,2.8651999999999997
RLTQSHPIL,3.849400000000001
NIVLIALSV,2.2792
QMTFHLFIA,1.5144
IISLFYTFA,2.1164999999999994
LQISRVNDL,1.0247000000000002
GLSASDVDM,2.5288999999999997
ALKNSQAEL,3.7191
QLHAAGVRV,2.6841
LFMSHVKSV,1.7198
LLRVISGVL,2.0282
ITHTNITTL,2.9809
LLVQYGAKI,3.825999999999999
LALYSPPLI,1.4804
WLVSNGSYL,4.488099999999999
NTTTFITVL,2.4933000000000005
QLSNNKYVL,3.9018
CINGVCWTV,4.1266
IVAAVIIMA,0.9368000000000001
SLTILDDNL,2.5035
VQLSNNKYV,1.9457
RMPTDMLKL,3.6795
RLKKANLQI,4.0763
FQLYSDLAH,-1.424
MIHKTYIDV,3.2724999999999995
LVSLLTFMI,2.9682
IALSVLAVL,1.6449
IAGGVCYYL,2.3276000000000003
LIVLFEVFV,2.5208
FLVIAINAM,3.2893999999999997
IVSRSSRGV,2.0944
KLEGDSTDL,4.301200000000001
DLTDYLMKI,4.7062
FAANPNSQV,2.9714
GLKRGGVLL,2.4125
GRRATAILR,-3.3411
FLAMLVLMA,2.0103
IINSVSIIL,3.4105
FIKYVNGWV,4.3988
MAEFEDQLV,0.5800000000000001
NLSLGKSPL,2.6547
YVLVTCLGL,3.1945000000000006
GLVCVQAAT,1.1038999999999999
IMTSTRTII,3.1037
CQCTVQEFI,-0.09540000000000015
LSAEELMSL,1.4819000000000002
DLSDQIAEL,4.2454
KTANNYETI,2.8045
FVATFRDML,3.2697000000000003
AYFATPASV,2.0608999999999997
MAGVEVRYI,0.05590000000000006
RMLPKLAEF,3.7203
SLIGSKTQI,3.9765
MVDESMMMS,1.1133000000000004
GLAANQTGA,1.2560999999999998
ELLRPTTLV,4.2958
ELDEIGEDV,4.1621999999999995
SLALKNSQA,1.6116
RVSRPTTVV,3.6494999999999997
SLFNTAATL,4.5806000000000004
FFSYLMKDK,-0.04889999999999983
VADLVGFLL,1.6629
GTNFGTIIL,1.5747000000000002
ELADKVTKL,3.884
IASILSLET,-0.5287999999999999
LLEMKYALI,3.0778999999999996
LIFNVKSKL,3.5656
TLLVVMGTL,3.0266
LTVILGVLL,0.8575000000000002
SLCPTKKLV,3.1281999999999996
TIDNIVTSL,4.201499999999999
GVLHTKFWI,3.3792999999999997
LVSDCASTI,2.9342
NIRNDDKYT,1.3082999999999998
QIGGEAIFL,2.5885000000000002
FVFLALAGR,0.9064000000000001
RLFYTFFSY,5.3251
HNFCNLTSA,-0.7289999999999999
HIGHHYIWI,3.3303
DISINSEYI,2.8407
GIFVDTMSI,3.4276
EVMPEKRNV,2.7153
NLRCHSAHV,2.5111999999999997
AQNISFKSI,1.2615
EMIQLQEEL,3.0705999999999998
WLLRGTSFV,4.699000000000001
RVNHAKYMV,3.4263000000000003
DMLLNVQTL,2.8651
LVKDESIQL,2.8505000000000003
SAIMVASDV,1.035
AIFNNRNLA,2.2000999999999995
EMMAKEEEL,2.6580000000000004
DLAAGVDVV,2.0511
KTLSPAHLI,2.7449999999999997
PLTSIISAV,3.2568
DILQMREII,2.1942
YLDDPDLKY,5.3249
DTGKKELAL,0.9034000000000002
DTMRIYCSL,2.4317
TMYLTMKAI,3.3490999999999995
LILAPTRVV,2.3965999999999994
DIMTSTRTI,3.2242
YIFFASFYY,5.3818
FVIVIYIFT,2.523
VIDRLPSET,1.95
TIPTNIPTL,3.7767
SLIKYKKTL,4.234
QALTDLGLI,0.8847999999999999
ELLSHVGQA,1.5501999999999998
LLSTSNVIT,1.9620000000000002
VITDQTVNI,3.3609999999999998
ITRLEVIGL,0.9467000000000001
ALWDSNFFT,4.4645
LLGEHGVAF,1.9907
LLGDSDSVA,1.3197000000000003
FTDCRTIDA,1.897
SLYYTIATI,5.149199999999999
RLKQLKRQL,3.1791
VAAVIIMAI,0.8435000000000001
IAVFDSKLI,0.4161999999999999
KIEDLINQL,3.8447999999999998
GTIILNKIV,1.1551
ITYCLVTHM,1.6746
EIMDKEQLL,3.357
VFLPNTHNL,2.3444
ITTFIPISA,0.6496
NVSRVVECL,1.9621000000000002
FVNFVKDMI,3.1379
STCYVFGLY,1.1539
TLTSDDLLI,3.2093
PLGLVDLFV,2.1638
TTAEEAAGI,1.5231000000000001
GLCFFGVAL,2.1608
AIIRILQQL,3.1959
DLMSSKDDV,3.4008999999999996
TLKSFFAWS,2.0946
IVTFINDYA,1.1913
ELAYYNSCM,3.2437999999999994
QLLAEEKTI,2.8708
TILLGVFIF,1.4385999999999997
TILIGVFVV,2.3537
SAANDPIFV,2.1376999999999997
GTLVALVGL,1.2674000000000003
YLKKWLNSF,5.352800000000001
NTNQGNILM,2.0295
TIEILRNYL,2.6147
SILNNPVDT,2.0996
YVEHDPRLV,3.3627000000000002
LDFAKVASV,-0.051300000000000345
LTLKPCHAL,2.5087
ILLLEAGAL,1.8933
QTLISLNSM,1.4848
LLFASMGFK,1.7524999999999997
AVANCVRNL,1.7406000000000001
KSYFTNAAL,2.2052000000000005
VLQTFMRMA,1.4973999999999996
RRYQKSTEL,2.5516
RLGLSRPLL,2.9769000000000005
LLGCAANWI,2.5614
KRYEGLTQR,-0.6362
KPIVQYDNF,0.060900000000000176
IVTDFSVIK,0.8304
GLSRPLLRL,3.4253
FLHLTLIVL,3.9105000000000003
ELRSRYWAI,4.369999999999999
AVDLSHFLK,0.7771000000000001
ARLYGIRAK,-2.5111
ALGLVCVQM,2.0593
RAGYSIVEL,1.3358
IISTLNKIL,2.7179
RPPIFIRRL,1.1755000000000002
TNAEFTFQL,1.1555999999999997
LLPYPIAGC,0.7960999999999994
LIFPAFFLC,2.4132999999999996
YTPLNYSKF,2.5587000000000004
YVLFVKKML,3.208500000000001
HAYCGIKGL,1.1056000000000001
CTIVDSMII,0.718
HLLVGSSGL,2.6723
PLYIDISDV,3.3762999999999996
LQPFLQPQL,0.8321000000000002
ELVENGKKV,3.186
GVPHSVFIA,1.0565000000000002
DINVIGLIV,2.0469
FKNSVFYSV,3.1266
ILLGIFFLC,2.3202
KTVAGSFAS,-0.29380000000000006
YTRPEIDVL,3.2667
SCDDVVFGI,2.6054
AVTDRETDV,2.9245
IIDLLLPST,2.0315000000000003
STFNMWREI,2.8099
EVIPYTPAM,3.9469000000000003
GVFKVWHPI,3.5406999999999997
LNMFVSDQV,-0.1575000000000002
QSAGFTAGL,1.4466
YIDVNEEYT,2.6718
PLSPDTCLL,3.0343
VIYQYMDDL,4.6519
MAFILGIII,0.8803999999999998
IISTDQDTM,2.2671
LINLVQYRI,2.945
GRGQILLGK,-2.3116999999999996
HIYLGSANM,2.6391999999999998
KMLELEKCT,1.1028999999999998
TSPDLSFSL,2.4768000000000003
KVIQPRVEK,0.9634
SAVFKDSFL,1.2637
EMETLQSQL,3.1433999999999997
NLYISDYKM,3.4768
FMNDLQVSR,2.3280000000000007
VLKGLYNFA,2.4402999999999997
VIEEVMNIV,3.3385
LTLTNTSII,2.4066
GALQWDDNI,2.0046999999999997
NVTYNIKPV,2.5356
GTGILFMEM,0.7845000000000002
MTSTRTIIL,2.2213000000000003
PLSINVSGV,2.2641
RMFLAMITY,3.825
DTCLLAISA,-1.0045
ELLRPTTVV,4.0208
AMFQDPQER,1.3559999999999999
ITLILSNKL,1.5905
YLQSKGKDI,4.421899999999999
MICCDSRIV,0.9644999999999997
PIPMSRLFM,1.3818
CNYSKFWYL,2.0361000000000002
KTQEPPQVA,1.0414
INIVIIVLI,-0.26750000000000007
ITPDDGLGL,2.0952
VCMTVDSLV,1.0597999999999999
VALVGLFVL,0.7731000000000003
SIMSMMNIT,1.9595999999999996
AVSVYGAIT,0.9239000000000002
PVILSKLML,0.8727000000000001
EVIERINLL,3.0854
MNNVVQALT,-1.8236999999999999
KQIMECSRM,-0.10309999999999997
LLENKSLTI,3.9619999999999997
SIRCVKYLL,2.7612
GIMMNERDV,1.9025
NIREGTHVL,2.9385000000000003
ELANEVKVL,2.7634
PLHIVCSKT,0.6987000000000001
HLESLFTAV,4.3887
LNQAVNNLV,0.1155999999999997
NIPELKHGL,3.0151000000000003
STVDVRNIV,2.5848
YIKDLKHAT,2.9233000000000007
DAMIHKTYI,1.4976
LSYSQTMLL,2.2928
RMMGKNIFY,4.5361
TFMYVFSTF,1.4863
WMKRFNPPA,2.7378
ATCGLVGLV,1.2681
DISSFYWSL,4.6981
STTGEWPLI,2.657
DVRNIVTFI,3.2723999999999998
NTPVSMTYL,2.7201000000000004
AMHDKKIDI,3.5518
GLTADARLL,1.9633999999999998
VAMLLTHGA,-0.5744999999999999
QLDSSNKSM,3.9062
RQLTSNVDV,2.0112
YVFPVIFSR,3.718200000000001
KIKTNDINV,3.1654999999999998
FMGRIRSVY,2.9702
LNQTVYSLV,0.3185
ADFKLFFRW,0.3088000000000002
DVEKRILNT,0.7902
AAKTPVIVV,1.1797
YIESKAKQL,3.6685
ALMRWRHPR,2.2641
ELDNVTGLL,4.2859
YALEPRKEI,3.0111999999999997
HVGRPTTVV,2.5269
DAYKFSCGL,1.6107
LAEHISDSI,1.359
WLGLLGPNG,-1.2638999999999998
VIRQNIHSL,3.5444
TTQHWLGLL,2.599
TLKDIRDCL,2.9452
SLCFLGAIA,0.40120000000000006
RLSSNSRIL,3.754200000000001
QMGRNSMKL,2.7147
QGRGQCTEV,-0.5140000000000005
NCSVYDFFV,2.0923
NCERKKPPV,0.6312000000000002
LVALVGLFV,2.2301
LAFLQYRRL,0.6275
GLFVLLAFL,4.0547
GAQGQFPRV,1.6347999999999998
CLERDLQRL,2.3719
AYAKAAAAF,-0.39239999999999997
ATDKAAAAY,1.9109
ATAKAAAAY,1.1267
ATAAAAAAK,-0.8494999999999999
ALDLAKKRV,2.8196000000000003
ALAKAAAAN,-0.9992999999999999
ALAAAAAAK,0.46940000000000004
ADAKAAAAV,-1.2333999999999998
AARPDDPTL,1.997
AADKAAAAY,1.0179
RQQLEDIFM,0.553
QLERQNKEL,3.374
QHTRRVSVL,-0.3180999999999996
ILYDTGSSW,4.643599999999999
KLISEKETL,3.4334
DIRDKYMEL,3.3753
DVNEEYTEA,1.7560000000000002
SLYYTVATL,4.8629999999999995
TVDVRNIVT,0.7925000000000002
DLTAALRDV,2.7729999999999997
LATLNTLIT,-0.8916999999999999
EIPQFMIGL,3.6103
EATFIDVHI,0.5242
QVKELGIAI,2.5499
ELEEICHDL,4.4513
FSLGAAVKA,0.19119999999999993
PMIIGEPII,1.1077
ATHKAPQPA,0.5380999999999999
ALVARAAVL,2.3326000000000002
ELPVKTDIV,2.7836999999999996
MPASWVMRI,2.3807
LTGNNTITT,0.9176000000000001
GILIYDDNI,2.5359
DITNILGGV,2.4535
ATDALMTGF,1.8695
AVYFKAKWL,3.1463
VSYIEFVGW,0.8421000000000001
YTFCRLNVK,1.0740999999999998
EIDVLPFDI,3.7812999999999994
DVNSVQFSI,3.9388
FIPISASDM,2.7159000000000004
KNATWCLEV,1.3463999999999998
FLRPVLKAM,4.3488999999999995
DVKVLAARL,1.0447000000000002
MVEYLENQL,1.9802000000000002
DARYCSEFI,0.6185999999999998
HTNHSDISM,1.9797
GIYIRRNMI,2.8145999999999995
TQVKELGIA,-1.8542999999999998
IMKNHLRDI,2.9482
HLSLRGLPV,2.858
GMSGGNQGA,1.3338999999999999
GLTYSQLMT,1.3491999999999997
ELSGYCSNI,4.952
DLFATQPGL,3.7159999999999997
AVWDQYKDL,3.5967000000000002
ALPRNMVIT,2.0800000000000005
DLENRCQSL,3.5942000000000003
DINITHTNI,2.407
AVLSEYETM,2.2423
ALPPPPPPP,0.9824999999999999
LRYFIMAYV,2.1139
FQESFYEDI,2.5626
DIMLPESDL,2.4911000000000003
SVDVDIYDA,1.833
RVFNNYMPY,3.9620000000000006
IILFQNNDI,2.8967
DLTALLSCI,2.7640000000000002
RVLYDEFVT,1.2670000000000001
SMMVILPDK,1.5252000000000001
IANYNFTLV,2.2146999999999997
EVLRPTTLV,3.3998
MLHNPTSET,2.7114999999999996
TQSGALEVL,0.7624000000000002
LLLENKSLT,2.2092
YGIPFPGSL,1.2536000000000003
KLVETGFVI,3.9991000000000003
FHMDPSGTF,1.4414000000000002
SADNHPKMI,2.0804
FVNEKYCII,3.7027000000000005
AVLQSGFRK,0.6824000000000001
DLQPCIDLI,3.4326999999999996
MLYQLLEAV,4.4387
FHNNWGATL,2.9016
TIESAKTKI,2.7558999999999996
IVQLPKRGV,1.1618
DLKHATDYI,3.6467
HVSRPTTVV,3.2664
QKDINTPGY,0.05020000000000002
ETLFGSYIT,0.3739
RVMAPRALL,3.3276000000000003
TIAGGVCYY,2.0403
DLKDQIAQL,3.7982
YLGSWATGK,2.793
STGPLHGCK,-1.1991999999999998
FVTISKDNL,2.4018
PAMSTYSDI,1.4085
CNYSKYWYL,1.8397999999999999
DTIEIRGVL,1.6444
GVEVRYIDI,2.0331
DAVVADLSA,-1.3193
WVDLRSLFL,3.6365000000000003
NGMLIMCNA,-2.9063
DLVHFASPL,3.0384
PLRNDGNRF,1.0383
QTHIKTIAV,1.8923999999999999
IQQLPETYF,0.20410000000000006
FIVYGRSNA,1.5720000000000005
DLTGDLEAL,3.0857
NVQSLIKFI,3.1226
HSNIEEVAL,0.18290000000000006
YTAVVPLVY,2.2493
FLYAALLLA,3.7706999999999997
NWDWGVFFK,-1.0700999999999996
GVLPEETNI,2.7541
IVDYVTAYG,0.12309999999999999
GIDTSNNIA,1.6306000000000003
EALYYVHSL,2.4959000000000002
ICSCGAFKV,0.17470000000000008
TLFIDRGSI,3.0651
RTTSAVGDV,2.3074
EIKPKFCLI,3.2932999999999995
IVSLCPTKK,-0.263
VFKVKLHEI,0.8244
PASKKESVI,-0.008699999999999708
ETMYLTMKA,0.9680000000000002
DVCKKNLDL,1.9717000000000002
RLTAKKQEL,3.4021000000000003
KLEKTKTRL,3.3889000000000005
YYYNFSEDL,3.5719000000000003
YYQLCQHLK,-0.7475999999999998
YYLEKANKI,2.3
YVRGYLRGY,3.5758
YTYPCIPEY,4.8143
YTSDYFISY,5.263200000000001
YTGPDHQEW,2.909
YTDDYPMYK,3.8965000000000005
YRYTYRCHR,-0.35119999999999996
YRYLRHGKL,1.1997
YRYGFVANF,2.5257
YRSDIVGTY,1.9889000000000001
YREAGIPVL,1.4801000000000002
YQRPFGGQS,-0.4990999999999999
YQKVGMQKY,0.8780000000000002
YQKKNASVY,1.2901
YPLHEQHGM,1.8498999999999999
YPKCDLVEL,2.2541
YPAEITLTW,3.4088000000000003
YMTLQAVTF,2.813500000000001
YIFWIRTPR,2.6868
YHGEAMAIG,-2.7038
YHFDPVHHL,2.732
YHEDIHTYL,2.8597
YGLGSTPLY,0.8294
YGGKKAVTY,-0.7578999999999996
YGDTEAICR,-2.7584
YFSGIMVRL,3.096
YFFVKWIGK,0.07580000000000009
YELLRYNEY,0.6568000000000003
YAEISFMLW,2.1886
WYETVKVNY,0.9120000000000001
WTDLYTSMS,1.1729999999999998
WSILRQRCW,-0.5624000000000002
WSFLEDRVY,0.08699999999999997
WRDDSRGRW,0.9119999999999999
WPWNAREDV,2.3198999999999996
WPALSSIAA,-0.2576
WCRVGRGTI,-0.1903999999999999
WASRELERF,0.4041
VYFSPWFFL,2.9551000000000003
VYERQPCWY,0.2885
VYAYPSGEK,-1.9504
VVPLYDTPL,2.8964000000000003
VVDKYFDCY,2.8565000000000005
VVAVGGLAI,1.0509000000000002
VTRQIHNPR,-0.8504999999999999
VTDGGEVGE,-1.6277
VRFPNITNL,2.165
VRDPKTSEI,2.02
VQTVRTQVY,-0.5087999999999999
VQLQEYDTY,0.7132000000000001
VQIPEKKCF,-0.5993
VQGYERIMY,-0.6329999999999998
VQGPGGSTY,0.1928000000000003
VPWQEKTAS,-0.9265
VPRVHNQPQ,-2.3202
VPQTDAGVT,-1.663
VPPTNSINK,-0.6499999999999999
VPPESVEAA,-0.34969999999999996
VPAQNAIST,-0.14789999999999998
VPAPAGPIV,1.399
VNGVKGIQF,-2.6100999999999996
VMLLDIDYF,2.0034
VMETENALF,2.2528
VMCIQMKYV,2.1989
VLTGNLQTL,4.0431
VLLEARQAY,3.0288000000000004
VHTQKKDLY,-0.9726999999999999
VHLLQGGKK,-3.8211000000000004
VHFRNQVKI,0.7082999999999998
VHDREGNEV,0.33819999999999983
VERLKHGTF,-2.2239
VAPMVGGMM,-0.6519999999999999
VAGGTSSVY,0.17890000000000006
TYYPQVVLG,-1.8269000000000002
TYIGSLPGK,-1.0486999999999997
TVLDVGDAY,2.0591
TTTLEETKF,0.07230000000000003
TTLPVNVAF,2.2827
TTFPVNGGY,2.5136000000000003
TSSDTYACW,0.9763999999999999
TSNPKTPKY,1.5537
TRREVHIYY,0.6175999999999997
TQDLFLPFY,1.6826
TPYDINQML,3.1275000000000004
TPVWHVTSA,0.07670000000000009
TPSGTWLTY,1.4725000000000001
TPKGPKVKY,0.6327
TMKFKGTVD,-2.2776
THYPTQNRF,0.4881999999999999
THLEVCFMY,0.8905000000000001
THFQRKRRV,-0.12490000000000023
THADVPVVL,0.42820000000000014
TFDVAPSRL,0.9746000000000001
TCDGNTFTY,2.2358000000000002
SYPPPPASF,1.6861000000000002
SYLIRALTL,0.4901000000000002
SYINRTGTF,0.48830000000000007
SYGNANVSF,0.5015000000000001
SVKEKDMTK,0.9552
STHMENILK,-0.35259999999999997
STEIGLLVG,-2.6966
STDTRHIPQ,-0.34150000000000014
STDDCFANK,1.3395
SSSLTSLLK,-1.3617
SSNVANYQK,-0.6718
SSMNSDAAY,1.1783
SSEQTFMYY,2.0625
SSECQGEML,-0.22029999999999994
SRYWEPEFY,1.4236
SRYWAIRTR,-0.9643000000000002
SRKKGFLGL,0.37860000000000005
SRIGAWASK,-1.0488
SREVISHRL,0.3599999999999999
SRDKTIIMW,1.1172999999999997
SRALLLNKY,-0.5252000000000001
SQLEMCEKY,0.6845000000000001
SQKHFDTWW,1.6945999999999999
SQFGGGSQY,1.1729
SPRYIFTML,2.024
SPRTLNAWV,2.409
SPAIFQSSM,0.9215
SPADERAVA,-0.1846
SLNLAKEAV,2.7464999999999997
SKGETVNPL,0.2005999999999999
SHSIPNGLL,-0.009599999999999831
SHLECRTFF,0.3414999999999999
SHDTIGPYY,1.2734
SFYVNRGFK,-0.4697
SFSFGGFTF,0.7257000000000001
SFGAGTLAK,-1.6856
SEKTHIHIF,-0.5512
SEGDDDGSR,-3.0459999999999994
SALNHTKKW,1.2469
SADPLASLL,2.3506
RYQRMTGGY,0.2625000000000002
RYICPVQQI,1.0765
RYFSVTRPL,2.368
RYDYANLCQ,-1.3762
RVRQLDESI,2.776
RVRLSMLTV,2.8715
RVRIERGPR,-1.3449999999999998
RVRDNMTKK,1.4559
RVDFCGKGY,1.5783000000000005
RTHTLRDAK,-0.2606
RTGTRLLGR,-1.0643
RTGDIGCFK,0.1090000000000001
RSFAERLDR,-1.0693000000000001
RSEVELCIY,-0.4475
RRVSGCVSV,1.0187
RRVRDNMTK,-1.0513
RRRQWASCM,0.6286999999999999
RRRIGEIFK,-2.2805999999999997
RRQWVLAFR,-0.756
RRNDVARIF,-0.0966999999999999
RRHWGGNVL,0.2532000000000001
RRGPEQTQG,-3.0723000000000003
RRFQHKDGH,-2.2777
RRFFPYYVY,1.4067
RQLESRLGY,1.0845
RQFVSNNGK,-0.6389999999999999
RPYGKFRAM,2.3141999999999996
RPWMLDKYF,1.1451
RPVGISSMV,2.3268
RPSGPGPEL,2.557
RPRIRLSAP,-2.7027
RPRHQGVMV,1.1366
RPQLGVGDV,0.6160999999999999
RPPRRGDKF,0.16790000000000005
RPPGCTFPA,1.2419
RPPEVDGNR,-0.8959999999999999
RPLLARMPE,-2.0699
RPKSNIVLL,2.2573
RPIVSTQLL,1.5744
RPASAGAML,1.5509000000000002
RNQPAATAL,0.6969000000000003
RNEQGQTLW,0.06440000000000001
RLWNGRRCR,0.3941999999999999
RLTGREGAV,3.12
RLLRMNNEN,0.3469000000000002
RLKTATYTF,4.025
RLITVYVQA,2.6974
RLFFKCIYR,2.1315000000000004
RLEDVFAGK,2.5736
RKAGVNQAK,-1.2331000000000003
RIKQIINMW,3.4398999999999997
RIAQGVLQR,0.24049999999999971
RHIAIQVCY,-0.3567
RGRAATMAL,-0.5295999999999998
RGINDRNFW,-0.2686000000000004
RFSFNCSMK,-0.5661999999999999
RERIRYFHY,-0.4817999999999998
RELVRKTRF,-1.2793999999999994
REILFHNTM,-0.17129999999999979
REFYLRVGF,-0.19179999999999986
RDALGRTAL,-1.2780999999999998
RARIKTRLF,-0.23240000000000005
RAPKVRLSL,2.1941
QYSGFVRTL,1.4745
QYDDLHKKF,0.5392000000000001
QTYDWTLNR,2.16
QTSTLYDFY,2.1462000000000003
QTPGVKIAP,-1.3641
QSYEFLGLK,-0.021399999999999975
QQLEADYTF,1.2732999999999999
QPRAPIRPI,0.9160999999999998
QPQQSPQFF,1.2886
QMRDVLGTF,2.7163
QLFIKDYRY,3.1195000000000004
QFAGGSFDF,0.921
QARQMVQAM,0.4174
PTKCGENLY,-0.5544
PTDYMSSKL,1.7483000000000002
PSSKPDWFY,1.1356
PSEVSPIAQ,-3.3308999999999997
PPSGKGGNY,-0.4063999999999999
PPQATAKYL,0.2592000000000001
PPIPVGDIY,-0.011399999999999855
PLVQQEDDK,-0.44989999999999986
PEIRRWIIF,-2.0555999999999996
PAHKSQLVW,-0.34539999999999993
NSSKVSQNY,0.8912
NSDYMMWVG,-1.9611
NSDDYTADE,-0.15579999999999994
NRRFVNVVP,-3.7918
NQRETTVVW,0.7911
NQDLNGNWY,1.0679000000000003
NPVPVGNIY,0.9080999999999999
NPNSPSITY,1.9887000000000001
NPKTPKYKF,0.673
NPDIVIYQY,1.8534000000000002
NNKSRLVAF,-0.9905
NMLREGLSP,-0.9177
NMERKLNLS,0.45499999999999985
NLKLYGAEF,2.5878
NLEPGTFDL,4.7322
NILVAGNLI,2.0944
NESGRLIDF,-0.21079999999999988
NANPDCKTI,2.1541
MTMRRRLFK,0.3667999999999998
MSSAMSMMH,-2.2479
MSNEGSYFF,1.5924
MSDLTFSEE,-1.8039
MRIPVERTL,0.7338
MQQSGDEAF,-0.5730000000000001
MQLQLNCAY,0.4952000000000001
MQFKLGIPK,-0.8462
MKWGMEMRR,-2.5521000000000003
MIEPRTLQY,3.0844999999999994
MEIYIWDHD,-4.977
MEFEPFQSL,2.0017
LYDYKENRF,-0.20689999999999975
LVYNHCEHG,-1.1914
LVSECSKDF,1.7474999999999998
LTDEDKQNQ,-0.4373999999999999
LSEEIGLDL,1.2153
LSDHQDLKW,0.6391
LSDDAVVCY,0.9537000000000001
LQSLENVAY,0.13600000000000023
LQLTAVFAY,1.0267
LQKVPHTRY,-0.39659999999999984
LQKGGVIVY,-0.006399999999999961
LPYPDPSRI,2.7586
LPQTRWQAV,1.0693
LPLIVDTAA,-0.5947999999999999
LPHQPLATY,1.7185000000000001
LPEFERRTL,0.4417
LIPDGDGEV,2.6689000000000003
LIGANYLGK,-0.1884999999999999
LFVAAAYIV,0.5816999999999999
LAEQFSGEY,0.8914
LAAPCRNAL,1.1118000000000001
KYTSGRQEK,-1.2995999999999999
KYDDRIQSQ,-0.3647
KVMALPIPH,-0.08719999999999994
KVCRTLLAK,-0.07089999999999996
KTTYWWDGL,2.6718
KTTIKFHPW,2.0728
KTTFKPNTW,1.9949999999999999
KTNFQNHKG,-1.5034
KTMVAFIRK,0.12200000000000011
KTIQGGLGW,1.4317
KTFSAHNLF,2.2047
KSRCGSLGY,-0.47530000000000006
KSNEKNMDF,1.4715
KSLGIDQIW,0.9587999999999999
KSHNVSLIW,1.1166999999999998
KSDLQPPNY,1.0611000000000002
KSDGTGTIY,1.2736
KSCLPACVY,-1.4726000000000001
KRVDWSVEY,1.8737
KRMGVQMQR,-1.1882000000000001
KRFQPFQQF,1.3815
KRASGDPYF,0.31699999999999984
KPRSPVVEL,1.8871000000000002
KMQRMLLEK,1.2031999999999998
KMKELSPRW,3.3743000000000007
KMARLGKGY,1.7596999999999998
KLTQGRQTY,3.2517000000000005
KLNHHKPPT,2.3823000000000008
KLGDQFGRK,0.9296000000000002
KIRLGFHWK,1.0484999999999998
KIPNDNIIE,-0.031400000000000095
KHNSAESAK,-1.7264000000000002
KGSGKMKTE,-3.4824
KGPDKLQVY,-0.6793999999999996
KGGEAQFLV,-0.13380000000000014
KEKGPIFRD,-3.1088
KEDPGDHIF,0.21240000000000003
KCYGVSATK,0.5466000000000002
KCDICTDEY,0.2209000000000001
IYYLEKANK,-1.3147
IYSAEFKNY,0.4003
IVLLCYGGW,0.8341000000000001
IVDCLTEMY,1.9080000000000001
ITWETPMIW,2.623
ITTQWHLDM,2.6033999999999997
ITSKSRQVL,1.843
ITGQIIFGF,1.7000000000000002
ITDVQDMDP,-1.7817999999999998
ITCVVIPSK,-0.47649999999999987
ITASKDLCF,0.571
ITAGYNRYY,2.87
ISVQPLWEW,1.8914
ISNYICVAW,0.9388999999999998
ISNQEPLKL,1.247
ISLICGHSY,-0.14900000000000002
ISEPMFHQG,-1.9281000000000001
ISDYDYYRY,1.3175000000000001
ISDSAQNMM,1.0324
ISCQIYNAL,0.9466
IRSCWRYRK,-0.9833999999999998
IRNPPMVVF,0.5341
IRNLVKRYK,-2.1319
IRHNKDRKV,-0.1549999999999998
IQTHCEVGY,-0.6393
IQRDQVTDY,0.9506000000000001
IQGTLAKAY,-0.7930999999999999
IQCAGSEEK,-2.6352
IPYHIVNIV,2.2756
IPSINVHHY,0.43290000000000006
IPRRIRQGL,0.8448
IPRQWHPFA,1.3509
IPKRNRSIL,1.0542
IPISGRITA,-0.09680000000000001
ILYVSCNPA,2.3312999999999997
ILVRFNYLA,2.5888
ILKGKFQTA,2.546
ILKEHVSRY,3.019
ILGPPGSVY,2.6602000000000006
IIGFFLVTY,2.2313
IHKPRPPAT,-0.7253000000000001
IHESVIGQL,0.25780000000000025
IHDHGEQLF,-0.8615999999999996
ICDDVLSKY,1.5956000000000001
IAIPAHVRL,1.3296000000000001
IAGFIEGGW,-1.0258999999999998
IADMGHLKY,0.11490000000000011
HVPTRGTAM,1.8744
HSSVAGGLW,-0.5419000000000003
HRIQEELFY,0.2752
HRDGKPRYL,1.5401
HPDIVIYQY,1.9555000000000002
HIPEVCLKW,3.285399999999999
HHIPNGVVW,0.11689999999999978
HFQKDAKVL,0.17790000000000017
HFDDVANGF,1.1603
HEKGINPNY,0.5066
HEGEGIPLY,-0.35309999999999997
HADQLTPAW,2.2952
GYTPGQQFY,0.8832
GYMFESKSM,0.08800000000000008
GYLNACGHF,-0.7373
GYIPIERVL,0.39380000000000015
GYGRVNAGK,-1.8825999999999998
GVFELSDEK,0.9955999999999998
GVAMPNLYK,0.3598000000000001
GTSKIKMKW,1.5942999999999998
GTLSYDNLK,0.5118
GTEMFRHGY,0.9945
GTDSGFAAY,2.3693
GSNRPWVSF,0.5184000000000001
GSFKEYVFW,1.6482999999999999
GSEELRSLY,0.5789
GSEDRDLLY,0.4687
GSDKQVVGQ,-2.1076
GSDGGLDDY,0.7389000000000001
GRSLEDDIR,-3.8646
GRQEKNPAL,1.0714000000000001
GRPNCFQIV,0.4246000000000003
GRNSRFPDK,-1.0383999999999995
GRLQSLQTY,0.5018000000000001
GRKTPLLCF,-0.9211999999999999
GRIDKPILK,-1.4097999999999997
GRDHVRVTL,1.1796000000000002
GQFGSGWTW,2.2438
GPRRAAWRI,1.0970999999999997
GPGHKARVL,-0.6901999999999999
GPATAQMAL,0.9988000000000001
GMKRSFYVY,2.8769
GLVLHGEAI,1.7963999999999998
GLGGDASAY,2.0244
GLFVYLIRY,3.6273999999999997
GKFFAQAFL,0.7133000000000002
GITGGHIPK,0.11780000000000013
GHYTHITAK,-0.951
GHLENNPAL,1.1353000000000002
GEHWLGRIW,-1.4641999999999997
GEDDDMLPW,0.7893000000000001
GAGDFSHGW,1.0051
FYQIFPHSL,2.3571
FVSVYFSDY,4.1343000000000005
FVRTLFQQM,3.091
FVRQCFNPM,3.1881000000000004
FTLSFGNST,2.2092
FTDGVCLFW,4.5152
FSVQRNLPF,1.4083999999999999
FSDESTGAR,0.009500000000000064
FRYMNSQGL,1.9067
FRKEFTKLE,-1.3692
FRISGRGGK,-1.7634999999999998
FRAPNTREL,2.0252
FRAAVRAHF,0.0696
FPRSAERAG,-2.5841000000000003
FPGTGSEFV,1.9266999999999999
FPGEKRVSK,0.11980000000000013
FPEHIFPAL,3.2465
FMGRLGPEY,3.1139
FLILCSVLL,3.7896000000000005
FIFGKMGAG,0.4711999999999996
FHLRSRFAF,0.9617000000000001
FADINGKLY,1.4203
FAAFYFVFI,3.5671999999999997
FAAAAARTL,1.3592
EYSYYSSMY,1.4933
EVHIYYLEK,0.8567
EVDEGSDMM,2.4253
ETVNFVPNY,2.1794000000000002
ETKGKRRLL,1.6153
ETIEEPAVE,-1.1723999999999999
ETEQPTLDY,2.4459
ETDVMTRGQ,-1.3893000000000002
ESSVKEKDM,-0.6103000000000001
ESAERLKAY,0.45610000000000006
ERSDKSYEH,-1.3715
ERPAFGIQK,-1.7979000000000003
ERNEQGQTL,1.0008
EQNWDWNRY,0.6697000000000001
EQKGIQAWW,1.6837
EQFPNATAF,1.5162
EPIVGAETF,-0.6917000000000001
EMIWDPNGW,2.8061999999999996
ELYPTVNTY,4.8967
ELFIAPEGM,2.4334
EKPPVRPIF,0.11579999999999979
EKFFPSSSY,0.6497999999999999
EITGPIIMI,3.5562999999999994
EISGLRPGE,-0.29700000000000015
EIPGSPGSY,2.6858999999999997
EIIELTRTL,3.4024
EIFPNIKIY,3.5351999999999997
EHYVRITGL,0.6576000000000002
EHGIVIRAF,-1.8362000000000003
EHAGVISVL,0.5715999999999999
EGIEGRIAY,-1.2985999999999998
EGFLKAAMF,-1.9493999999999998
EFIYWDWLY,2.3918999999999997
EFFDGGLTF,1.3415
EFDNYRGTI,2.5935
EEVWRDPYL,0.6768000000000003
EEQTDPKTL,0.10220000000000007
EEMPLVWDL,1.9330000000000003
EEMATKADY,-0.3325
EEIRRIWRQ,-2.3461999999999996
EEIDWIKTD,-2.3078999999999996
EEDLPVTWR,-1.6239
EAFPYEITE,-0.07010000000000005
EADPTGHSY,2.1987
DYVPTNKWV,1.8788
DYDQRDYGF,0.6998000000000002
DYAMHGTVF,-1.1631999999999998
DWSGYSGSF,-0.3277
DVSPLMHLF,2.6751
DTVNRTHQY,1.7358
DTKCKNNYF,1.2792
DTFGVIDTM,2.7019
DTDISQLHH,-1.7529
DSDPMDGCE,-2.7213
DSDGSFFLY,2.2294
DRYPANAIV,1.9966
DRLHPPNKL,0.41200000000000014
DPSMLRTTA,-0.4401999999999999
DPSGAYFAW,2.1004
DPRDDLSGM,0.7674000000000001
DPNPQEVVL,1.2794
DLPPAIAAE,0.7192999999999994
DLNKVIQFL,4.354
DLLENLQAY,3.4729
DISPTNIPL,3.8896
DFIGKTIGF,0.4729999999999999
DFDGTPRLY,0.9323999999999999
DAYRRIHSL,2.5119
DAYGFHNYK,0.6706000000000001
CYDLMSFLE,-2.5675
CTDDNALAY,1.7528000000000001
CSEYVKDIY,-1.0986
CSDDGFWSK,0.2761
CHKGWGVSV,0.7206999999999999
CADGTRHTY,1.2575000000000003
AYYWNQNGF,1.2199
AYSPFAFKK,-0.05689999999999995
AYMDRKSFK,-0.21399999999999997
AYLLQHLDL,0.2717999999999998
AYGSRFHEW,0.8915000000000002
AVAVHDFFK,0.5501000000000003
ATTHSWIPK,-0.17169999999999996
ATNNVFRLK,0.4257000000000002
ATFSRPGSL,2.7794
ATDFKFAMY,2.3174
ASSWAPTQK,-0.5757
ASRGLWDSF,0.08579999999999999
ASHFISNSW,0.8896
ASDRISGIL,1.1077000000000001
ASDDLEHWQ,-0.41500000000000004
ARYGIFLPF,1.5697999999999999
ARLGKGYMF,0.08359999999999979
ARLFGIRAK,-2.729
AQRPAKYSY,1.4305
AQNAISTTF,1.1259000000000001
AQLYAYAGF,0.1514000000000001
APYFATVRL,2.0559000000000003
APRTLVLLL,1.1245
APRQPGLMA,-0.4195
APRALLLLL,1.1275000000000002
APILVVSGI,1.02
ANPGRVKDW,-0.45899999999999985
ALTLNTMTK,1.4441
ALLAKRLGA,1.2757
ALGIICSAL,2.7217000000000002
ALASFLFGF,3.5033
AITTSNCAK,0.26770000000000005
AITTPQMTL,3.3921
AIPYFYKGK,0.5936999999999997
AIKCVDIVK,-0.1944999999999999
AHSTIMPRL,0.8258000000000001
AHSKAETEA,-1.3014
AHGWSTFYL,1.4741000000000004
AFDWPELEF,1.1600000000000001
AFDIASVFF,1.0324
AFASLQDML,0.782
AENKKFKLH,-2.8676999999999997
AEMRETHWL,1.4265
AEMGGHAER,-2.4177
AEIDRSFKP,-2.7076
AEHDPWWAV,1.6467
AEFWDVFLS,-1.1375
AEDMLNPNY,0.16980000000000028
ADLRFASEF,-1.4377
ACREQQLPV,0.8155999999999999
AAGLPAIFV,0.6617999999999997
SVGTGILFM,1.9933
EVGTNFGTI,2.4881
RVKQWVMDT,2.8187
SMYSTVATS,2.1529
KTKISVEKI,1.2549
EQGDIALAL,0.8331000000000002
RAIEAQQHL,1.5922
AQIDNYNKF,1.0497
ATFSVPMEK,1.2980000000000003
ELPIVTPAL,3.8150000000000004
TPRDLGACI,0.8068
SLLMWITQC,2.0214999999999996
IINAHRIPK,0.6229000000000002
YAGTIKESL,1.8195000000000001
APTGDLPRA,0.0316
EVIPMFSAL,3.6635000000000004
FVVNGHTCM,2.1653000000000002
VTPEYIKDL,3.2652
NACDKHNKT,-0.8864
YFDPANGKF,2.5231
RLYYDSMSY,4.648300000000001
ILAALFMYY,3.6583000000000006
KNAGYLVGR,-1.9298000000000002
GTKGKLYIA,0.7122000000000002
SLAAAKKQL,2.7116
DIVSDSKKI,2.2971
NLEKAKQTL,3.3781000000000003
SVFHEHIFK,1.2682
SVDAMIHKT,1.8411000000000002
DLEDLKDQI,3.1907
KMTPWSAYW,5.459099999999999
GARVIWMDA,-1.1323
ELEKCTSEI,3.7123
TMDGILKSI,4.2485
TLPRARRRV,2.536
PVVPNAPPA,0.5114
PLPIHTAEL,2.6578000000000004
NAPPAYEKL,1.6425
HVDIRTLED,-1.3798999999999997
DLFGIWSKV,4.4415
GAITDNGPM,0.1513000000000001
VIVENDNVI,2.6605999999999996
SVKYYGRST,1.1826999999999999
DTDIVNNFI,3.0842
KLFAAETLK,1.76
DIKYDNKLL,2.3079
DLGEELEAL,2.6776
MQLKIDKLT,-0.7601000000000001
DMICCDSRI,1.8328
HQRRLVKLL,0.4466000000000001
NASKTINAL,1.5682
AIKSNNHLT,2.0633000000000004
EAKTHFSTT,0.43610000000000004
EVLMSPCRM,0.8107
SISARALKA,0.7535999999999997
KTEHCDDFM,1.4087999999999998
YTLIYRQLT,2.0465
PVKTDIVNT,0.07510000000000008
TLENERGEL,2.8052
RLEVIGLTT,1.9731000000000003
ATPQDLNTM,2.3369
ETQSGALEV,1.863
EMQLKIDKL,2.2826999999999997
TTENAAYQV,2.3485
DLDKVYEIL,3.6239
PAHLINKLL,0.007500000000000284
QIPSYKKLI,3.4522999999999997
NLDRSNDKV,3.9299999999999997
LTINKEEAL,1.3879000000000001
AAPLILSRI,1.1279
LIISTDQDT,1.2779
EMRELRRQV,2.7245
RVQILMKTA,0.9564000000000001
YVSSSYKDI,4.3573
CVRLNNPVI,1.4843000000000002
RSASGGVYL,1.4444000000000004
DQTHIKTIA,-1.1322
TVDFTDCRT,0.12460000000000016
HSKRKCDEL,0.7038
LVQYRILPM,1.7402000000000002
AAAKTPVIV,0.9887999999999999
SMTSDSKSI,3.5216999999999996
PTSETMYLT,0.9964999999999999
FPVRPQVPL,2.3704
FPFKYAAAF,2.7762000000000002
AVNKSNKPL,2.9042000000000003
DVSRPTTVV,2.9886
SVAKCCSKT,0.7228
YAVLSEYET,0.5152000000000001
PTWLGAAIT,-1.1564
IVSDSKKIM,1.8167000000000004
NTHIYLGSA,0.5864000000000001
NITTLLNET,1.4648999999999999
DIIRAHPWF,2.4451
LVMAPRTVL,2.6321000000000003
DAINKCVDI,1.4114
LAIKQYGDI,0.8631
EAAAATCAL,0.621
PVLEKKVCA,-0.3282999999999999
YCLDFLFDV,3.848
CVRNLEELT,-0.6586000000000001
EMKYALINL,3.0851
MISTYPGNT,1.8257999999999994
EIQNVTGFM,2.9536999999999995
ALKRAQSEL,3.4625000000000004
IVPDIKLDA,1.5212
RIIRPDYFT,2.7876
TMERTNDLT,1.2849999999999997
QLFKPLTKK,2.2333
YNCKCCWFA,-0.10239999999999984
VIRHVDGKI,1.8517
NINFNNSSI,3.6214000000000004
RQIQVEGLK,-1.2389
LAYYNSCML,1.6190000000000002
QQLCTMERT,-1.4928000000000001
IAMLKSKNI,0.8891999999999999
HIIDSFNIR,0.8739000000000003
NVDVGCLLT,0.7731999999999999
IVQSVLRDI,2.6795999999999998
KINNNRIVA,1.7450000000000003
GASITPNNL,0.7310000000000002
RVPVSCAVY,1.9502000000000004
KQFDTYNLW,2.4175999999999997
CAVNTPVSM,0.17030000000000012
LANERYRSA,-0.059099999999999944
RTRLYDYFT,1.9128999999999998
YVIGLLPQS,1.8480000000000005
YSDIPRLKK,-0.006099999999999883
YNFSLSAAV,2.2853000000000003
YNFSLGAAV,1.8613
YLLNVSYLC,3.191600000000001
WVKKGGHVT,0.7040000000000002
WPISAILWF,2.1203
WLRAKRKPA,1.5014000000000005
WLLVFACSA,1.5192
WIKNLETYT,2.3274
VVYRGTTTY,3.3308999999999997
VVYHDDDNT,1.1095
VVNYDNSTK,0.7737000000000003
VVHFFKNIV,1.8578000000000001
VTYNIKPVI,3.0740999999999996
VTVPTNDHI,1.93
VTSPYTVEW,3.5824
VTGFMEEEI,0.3729
VQRTRCKYV,0.9113
VLVKSPNHV,2.8057999999999996
VIRNEVNDT,0.9756999999999999
VINRVSENT,1.2358
VIHTNHSDI,2.8033
VIGLTTHCT,0.03479999999999999
VAEHRFENM,0.21099999999999997
TTRAWFDKK,0.30920000000000014
TTGEWPLII,2.8003
TQFNFNGHT,-0.1391
TPEGIIPTL,2.4748
TISSESLVY,2.2469
TIQKDINIT,0.9340999999999995
TIEDDKIVT,1.0949
TFMIITSTK,-0.5498999999999999
SVKERGPAY,2.3099999999999996
SVANRSKQK,0.14150000000000007
STQQNKLVI,2.206
STLNFNNLR,0.4013
SPRPEMQEF,1.2530999999999999
SMTYLYNKY,2.6914
SLVKKNKKR,0.40800000000000014
SLRVLAAGL,2.2328
SIRDGVRAY,2.0128
SIEQNLTDT,2.3733
SASDMQKFT,0.7047
SAPQQLCTM,1.0321
RVISDGYFK,1.5308000000000004
RVCWLHECT,-0.16009999999999974
RSNNKFTLK,0.1726000000000001
RRQGNIYPK,-0.2413999999999999
RLKPVGSAY,3.8705999999999996
RISSSLDQT,1.9806999999999995
RIKIAPGIA,0.26120000000000004
RIGTAATKR,-0.3548999999999999
RAAGLQDCT,-0.6920000000000001
QTVDFTDCR,-0.6439999999999999
QTHFPQFYW,2.7163
QSPQPVRVK,-1.6360999999999999
QFNFNGHTY,0.9305000000000001
QAELTSNCT,-1.2749
PVYISQFSY,2.5024
PVVKDKIKL,1.0169000000000001
PTPKKMNIV,1.3666
PTNDHIPVV,2.3360000000000003
PTLFGRGVI,-0.16039999999999965
PTILATLNT,-0.5513000000000001
PTDMLKLFT,-0.04209999999999998
PLTGNNTIT,1.6069000000000002
PLERFAELV,2.1674
PLEEELPRL,2.9876000000000005
PADCFLVKL,0.8033000000000002
NVTIPEQYT,0.6925000000000002
NVQFVDINR,-0.5698999999999999
NTLISSDGA,-0.5063
NTCKPTILA,0.27320000000000005
NQLVKDESI,0.25350000000000006
NQESNKYRI,1.3627
NMKQCTNDI,3.3226999999999993
NLFSKNILK,2.3156
NITHTNITT,1.8108
NIILSKIPY,1.7156
NIIKNKKSI,2.801
NAVTTNNLL,1.2769000000000001
NASQHPQQV,1.775
NAQQFANVI,1.1599
NAKIAARIL,-0.6597999999999997
MVIENGILK,0.5637000000000001
MTIREFPRK,0.04610000000000003
MAAEQRRST,-0.5809000000000001
LVSKHWELT,0.6079
LVDKEDTDI,3.0781
LTSNCTRTT,0.5896999999999999
LTQVKELGI,0.7690999999999999
LTNKKYRCM,0.7792
LSAAVKAGA,-1.4242
LPSDFFPSV,3.3838999999999997
LPRPDTRHL,0.9064000000000001
LPIDKCSRI,1.7614999999999998
LLKNMKQCT,0.9295
LLDDEAGPL,3.4863000000000004
LALTDVEKR,-2.2832
LAARLKRSA,-1.3216999999999999
KTFPPTEPK,1.5494
KSYSLIRPK,-0.18989999999999996
KQYNVTQAF,2.045
KPFNNILNL,2.9166
KLTKDRKML,3.0777
KLKHRDGFT,1.6353000000000002
KIQLFSDFT,1.6209999999999998
KIKQDVRDK,0.38849999999999985
IVSHLRAST,1.2617
IVLFQRFLR,-0.1854
IVKNIREGT,0.43950000000000033
ITPNNLNKI,2.6974
ITNILGGVL,0.6503000000000001
ITETIPIGM,1.5648
ISIRPRVTK,-0.9973
IPYLRNYMV,2.495
ILTYNKTSK,1.2964
IIYSKAGNI,3.1216999999999997
IITGNKVKT,1.2137
HSKKKCDEL,0.7339
HPNIEEVAL,0.5991
HPLSHFVNL,2.1577
HINSPFKVI,3.4833
GLKGAVTLT,1.9588999999999999
GITRPTTLV,3.295
GIKNLKSLL,2.4787
GAGVLDKDL,-0.5182000000000002
GAAVTLNRI,0.24570000000000003
FTNNKFTLS,1.5388999999999997
FTNNEFTLS,1.4265999999999999
FTFGDTALY,3.9289999999999994
FTELENKKV,2.4676
FPREGVFVF,1.8122000000000003
FPPTSFGPL,2.5861
FIKDGSSTY,4.0822
FAFVTDNTY,2.1401000000000003
EVMPVSMAK,1.6902000000000006
EVLRPTTVV,3.1247999999999996
EVKTLSSYI,3.2931
EVDPIGHLY,3.4175000000000004
ETLNEYKQL,2.2189
ETITEKTFK,0.18630000000000002
ETIQKDINI,2.3636999999999997
ETGLSASDV,0.9857999999999999
EMKINRQIL,2.1916
ELVMDKNHA,0.2717999999999999
ELRRTLKEV,3.2925999999999997
ELRRAAIDR,0.11849999999999983
ELKDLLNVT,2.1886
ELHPDKWTV,4.9426
ELESQISEL,3.9772
ELEALKTEL,3.3358
ELAAHQKKI,2.7474999999999996
EIKDRILSY,3.1513
EIEKVEKYL,3.0542
EIDVSEVKT,0.8988999999999998
EAFETQSGA,0.5013000000000001
DYIYLPLLK,-1.6177
DVSRPTTVM,2.2799
DVSRPTTVL,2.8981000000000003
DVSRPTAVV,2.8270999999999997
DVRTLLGLI,1.7684
DVKASMLEK,0.06930000000000014
DVHPGEPVV,2.338
DVGCLLTDT,0.12270000000000014
DVEKEKFVA,0.5741
DTMRPTTVV,2.7642999999999995
DTLVKSGLT,-0.5874
DTEFINKFL,2.2728
DTCGASINI,1.7271999999999998
DLVVSYVNV,2.7675
DLTTKNVSI,3.748
DLNRMPTDM,3.1469000000000005
DLNGAQIKL,3.6293
DLLVSGSNV,2.634
DLLNSMMNR,0.9971000000000005
DLAARNVLV,3.0999
DITFLRPVL,2.0649
DISVNASKT,0.46669999999999995
DINESMSQM,3.0087
DAKRNSKSL,1.1254
DAIKSNNHL,0.9475
CTEETKRNI,1.0038
CLTFGRETV,1.8420999999999998
CIPSRSKML,2.0268
AVYSSSMVK,1.3985999999999998
AVYGNIKHK,1.1739
AVVKSDNKL,2.1031000000000004
AVMFFPFWF,3.454300000000001
AVDPAKAYK,1.8889000000000002
ATSIYTIER,0.258
ATKRYPGVM,1.47
ALYRRIQRR,1.3247999999999998
ALTGTEKLI,3.0786
ALRANSAVK,0.8058000000000001
ALIVAIWDK,1.7147000000000003
AFVRFSTDK,-0.6199
AATKRYPGV,1.3472
AARLKRSAT,-1.1579999999999997
AAGLQDCTM,-0.9097999999999999
YQSFLFWFL,3.8861000000000003
YLSAKVYML,5.156700000000001
YLFGGFSTL,6.3004
YIIDWMVDI,6.208700000000001
VLLTYFCFV,4.6148
TLLGLILFV,4.3812
SLQEEIAFL,4.639899999999999
SIFGFQAEV,4.6114999999999995
RLFSYNFTT,5.2835
NVFKYLTSV,4.7828
MLMFIFTGI,4.0965
LMSTLLIYL,3.9686
LLSAINFKI,4.3736
LIMYSVIGV,2.8788
KLGNLLLLI,3.5363
ILQYDLWNV,4.2120999999999995
GLYSSTVPV,4.8279000000000005
FVFRSPFIV,4.8432
FLSYISDTV,4.960400000000001
FLSHHFTLV,5.377400000000001
FLIPKGFYA,4.3725
FLFFATSDV,5.3997
FILHRLHEI,4.3556
FANYNFTLV,3.3099999999999996
ALATFTVNI,3.9659999999999997
LLSQYLSRV,4.6358
FVDYNFSLV,4.8599000000000006
KLQAAPYIV,3.8929
YLLDDVLYT,4.311300000000001
ILTLDIFYL,4.1615
TMLSIILVI,3.3903
FTLNHVLAL,3.434
SLSHYFTLV,5.3038
GLVRLNAFL,3.7593
LMYDIINSV,5.293
HLIKIPLLI,3.8754999999999997
SISEINEWL,4.399900000000001
KLLLWFNYL,5.4229
IMFTCMDPL,3.4101
YLDQVPFSV,6.956300000000001
ALMDLLMFS,2.4387999999999996
YILRGLLEA,2.5485999999999995
YLILFLLFV,5.3532
MLLNVQTLI,4.156
FMIDWILDA,4.4651000000000005
ATYGIIVPV,3.9477
KLSCAVHLI,3.6036
LLNPCLINV,4.1745
FLSLMSLSI,4.5555
NLDDVYSYI,5.7856
VLTDFKTWL,4.6358
YLMPGPVTA,4.216600000000001
LLFGYAVYV,5.4098
FLTSVINRV,4.8994
KSGLFQFFV,1.6706999999999996
SIVCIVAAV,2.627
YLSAKITTL,5.4797
KLFGSLAFV,5.5398
LLDLFGPEV,3.8922999999999996
FLYGALLAA,4.2024
VLAEAMSQV,3.8491
YTAFTIPSI,3.7442
LLFGYPVYV,5.8753
VLLPFYETL,4.4328
YLWPGPVTV,6.1492
FVILYLLAV,4.144699999999999
ALMAITKNV,3.9646
YTVAYQATV,4.2764
YIYYFFIRL,5.595700000000001
MMAKEEELV,2.0578999999999996
YLYVDKNFI,5.405100000000001
SLLTFMIAA,2.6334
KMVELVHFL,4.2244
SLIYYQNEV,4.534199999999999
KLTPLCVTL,4.612
ILAQVPFSV,4.8172999999999995
TIIALLFAL,3.2813
ALMPLYACI,4.3091
YVASYLLAA,3.1663
SLSHDFTLV,4.4115
FIIEVSNCV,4.3163
GLADAFILL,4.0532
YLVKYQATV,5.7628
MLGTHTMEV,3.4863
KLITFLFVI,4.6434
HMWNFISGI,4.346799999999999
LISLINSLV,3.0625999999999998
SLYADSPSV,5.1052
YTYAFTKKV,4.5358
ATNIFPFFV,3.5083
FTWYGIAAL,3.5619000000000005
WMLGTGVYL,4.2780000000000005
YMHGSIHEV,5.3325000000000005
FIAEIDHWI,5.142099999999999
VLAGLLGNV,3.0359999999999996
ILVCYILYI,4.3279
FTAKINEMV,3.1337
HLDFWHHEV,5.0899
RLLQETELV,4.0457
FIYSIMETI,5.4959999999999996
YQYGDNLIL,3.5036000000000005
SLYKGVYEL,4.928000000000001
SLNRNFTLV,4.7511
GLLGVVSTV,4.2616
FVFLVLAGR,1.1488999999999998
RLFEESLGI,4.7637
IIMAINVFT,2.4581000000000004
KLMPICMDV,5.255199999999999
MLNRVQILM,3.2437999999999994
KLWAQCVQL,4.0312
TSLGLLYTV,2.2054
IMDASSFTL,4.604100000000001
YLVAYQATT,3.9375
GTYAVNIHV,2.9344
ITYQVPFSV,4.644
ALNSKDAAL,3.7684
ILTAILFFM,4.0429
LTFGWCFKL,4.667
FANNGFTLV,3.1896
FLCWGPFFL,5.0177000000000005
FLALIICNA,1.9874000000000003
LMDALKLSI,3.4501999999999997
FLWGPRALV,5.5493
FAIEALAKA,1.1508000000000003
SLVENNFFT,3.8512000000000004
ALAKAAAAV,3.0374999999999996
ILSPFMPLL,5.003299999999999
FLLIRYITT,2.949700000000001
LMAEDLANV,3.4379999999999997
FANYKFTLV,3.1062
SLDSWWTSV,6.1431000000000004
LIALSVLAV,2.1043
ITNGYLISI,3.9941000000000004
RMYSPISIL,4.9337
VLQQSTYQL,4.2725
TLGTVILLV,3.2279999999999998
TLVDLCFWS,2.1952999999999996
ILLEPVHGV,4.0975
SLYAVSPSV,5.4187
FMYSTAATI,5.4272
VLAKDGTEV,3.1071999999999997
YLYIMRVMA,3.2779000000000003
MLEEMQSAV,3.8671999999999995
KLEEEQIIL,3.7097000000000007
YLSGANLNV,5.5676000000000005
LMTLDDLAI,2.1765999999999996
AMVGAVLTA,1.7983
LQFGFGWFS,0.4970999999999999
SIYECITFL,5.0756
SVIFYFISI,4.0817000000000005
VILFIMFML,3.3784
AIIGLCAYA,2.2434
GMSIVCIVA,0.9280999999999999
LLFILFYFA,3.2196999999999996
YLCTFMIIT,2.8545000000000007
GLVDVCFWS,2.3870999999999993
SMYVIPDEL,3.8183999999999996
EMVELRILL,3.2385
ITAQVPFSV,3.4984
KLFCQLAKV,3.978299999999999
ALSRKVAEL,3.7447000000000004
FMNRFYITT,3.7608000000000006
SVYVDAKLV,2.5037999999999996
VIVIYIFTV,3.9478
LMPLARFWL,3.7217
FAFRDLCIV,2.3114
LLQGVPFHV,4.1655999999999995
LMAVVLASL,2.9882999999999997
ATQPVHWFL,4.0624
RLMELPVKT,3.0415
FLWGPRALA,3.7901
ILKKIIPTL,4.258100000000001
AITLVVISV,2.9517999999999995
FCSDALTLI,2.8379
YMDDVVLGA,3.8513
NISTILYFT,2.8333000000000004
QLFHLCLII,3.8653
RLRDLNQAV,4.4713
GMGWLTIGI,2.6761
NVFISPASI,3.2084
WLWYIKIFI,4.9665
SLAIDAYPL,3.0385
NVISKIYTL,3.7298000000000004
FVNRRFTLV,4.4063
TLQSFRQDV,3.7573
TFMDGTPEL,2.3258
RALKAYFTA,1.2512
TLDSQVMSL,4.335100000000001
RLIQNSLTI,4.8314
MTNNPPIPV,3.0378
AISYCRAFI,3.1564999999999994
LMGTITLNA,1.2327000000000001
AVAKAAAAV,2.1414999999999997
DLLNVKMAL,3.5404
VLVGGVLAA,1.2759
SMHFYGWSL,4.531599999999999
LLSGAGEHL,2.6224000000000003
FLWHVRKRV,4.6443
TISGNIYSA,2.6381
VLTILYYGA,1.3954
RAMASDFNL,2.3791
RLRQDTEDI,3.8475000000000006
QSAGFAAGL,0.7831000000000001
ALYYVHSLL,4.401999999999999
FIDTVSVYT,3.9128000000000007
FLRGRAYGI,4.3154
ALREEEEGV,2.5449
IIAIVFVFI,3.3329
QLPLESDAV,2.702
VLPFDIKYI,3.5218
AIIDPLIYA,2.8271
GMYYPTNDI,4.3384
IISLWDQSL,3.6953
FMYITAATI,4.6868
VLLVSLGAI,2.4715000000000003
GLKSKTHAV,3.8004999999999995
SLVYGIRCV,2.2651
IMRVMANNV,1.9284999999999999
AILGVLATL,4.0283999999999995
WLKDSAIMV,4.1454
RLGAIPPLV,3.7989000000000006
ALGLVCVQA,1.0088
NVIGLIVIL,2.6964
ALFEDYPGC,2.0423999999999998
FMHSAAPIT,2.369900000000001
ILTVILGVL,2.3441
SLHCKPEEA,1.2052
GMDPRMCSL,3.9049
SMYSTAATI,4.5672
SLNLRETNL,3.0585000000000004
GLCNYGGIL,2.4348
YIVGANIET,3.130900000000001
AMVPLVMVI,3.3612
NLSWLSLDV,4.0799
TSVDLNAPV,1.5913000000000002
GLTEVFGST,2.3983999999999996
ASAKAAAAV,0.5713999999999999
GLVSLVENA,1.0337
YNYSLSAAV,2.5502000000000002
KLTKDFSAL,4.032500000000001
KVDDTFYYV,5.6097
NVSGVPHSV,3.8802000000000003
GLTTHCTKL,3.3242000000000003
ITTLLNETA,0.007400000000000004
IMPKTGFLI,3.578
GTSVIRSNI,1.7349999999999999
LLCLVVFFL,3.456
VMDTLNGIM,2.3759
KTCPVQLWV,3.2462999999999997
ALNKMFCQL,3.5216
YISRDELWA,2.8376999999999994
WMQELRAGA,1.9920999999999995
TIDAINKCV,2.9250999999999996
QLTNDKARV,3.0617
SVPEPAAGI,2.9589
RTWKVLSIM,2.7093
NTITTFIPI,2.7498
GMFRTVGQL,2.9946
VIKLVKSLV,2.1451
FVGRYCSPT,2.4770000000000003
AVIPFDDIV,2.9008
NTYLFNILY,2.7178
MLKSKNINI,3.8464
GLLGDNQIM,2.8125999999999998
CVNGVCWTV,3.8068999999999997
IVNTTYDFL,3.183
YTISSESLV,3.4996
SMYSTVATI,4.9174999999999995
QQSEARRML,0.8552
NSFELGVWV,2.4398
ALTDVEKRI,3.316299999999999
LSNCVHPAV,0.8898000000000001
CLTVPNITI,2.9485
VIHAFQYVI,3.0319000000000003
MQWLTQYYI,2.1469
MMQNDYGGM,1.9849999999999997
LIFHFFLFL,4.6345
LVITYCLVT,1.4774000000000003
FLPQIGGEA,2.7165
NLYVSLLLL,4.0027
LLVSGSNVL,2.8339
SAICSVVRR,-2.1602
YTCNKPYTA,2.189
GLRDLAVAV,3.1548
LIDVLKTRL,2.4474
DVSLSAYII,1.9434
HSLPRCWLV,2.5738
YLGHSAGFT,2.213600000000001
SLDLASLIL,3.5536000000000003
GLIVILFIM,2.7764
GTMPSLTLA,1.6288
VLLGRLNKC,0.8024
IIAVFDSKL,2.2457000000000003
KLPQLCTEL,4.4808
LLSSNLSWL,4.748199999999999
KLNENIIRF,3.6858000000000004
NMDPLNDNI,4.2889
QLPKRGVRV,2.8785
IMRNFLRSI,3.3543000000000003
RVNKGTGVK,0.12330000000000019
YLVLINCNS,1.2421
SLLLENKSL,3.3328
TTTFITVLT,0.43750000000000006
ISIIVLFQR,-1.3893
HVLLPFYET,1.8443999999999998
ELRELNDRL,3.3136
SLFYTIATI,4.8843
FVMCLEAKT,1.4319000000000006
SLSNLDFRL,4.218
FVKKMLPKI,3.7609000000000004
EVNDTHYTV,4.0678
RMGVKSQLL,2.4608000000000003
IAGIILLIL,0.1856000000000002
SLLVIWILI,3.4606
KLLQICMWF,4.199800000000001
KIFNNNYKT,3.3080999999999996
LLSCLGCKI,2.0191
QMKDCMREL,2.9749
YTGGYDVSL,4.0931
FMPKDGGMM,2.7005999999999997
KADAVVADL,2.2746000000000004
ILGRYLPEF,3.3165
IMVGNETGL,2.862
TVNVILRPK,-0.34459999999999996
EAIFLIVSL,1.3878000000000001
ALMEITSRY,4.0938
RIKSVLDII,3.2345999999999995
PLTLLIKTL,2.1801000000000004
YVDRFYKTL,5.038600000000001
KSAQVPLPL,1.6972
GLQSQQGHL,2.2691999999999997
APRTLVYLL,1.6362
AIRAGYSIV,2.3309999999999995
NIDSIMSMM,3.4657999999999998
ETGFVIPEI,2.1285
YIEDELRRA,2.2862
LVPVLEKKV,1.256
SLKRFTHTT,3.0658
CIFYDRDDV,2.2921
VALWNDGTV,1.2667
YIPFAEDAL,3.2286
SVSVGTGIL,1.582
YLILIMCNS,1.4157000000000004
LNVSYLCHL,-0.3141999999999998
GIIITVGML,1.5218000000000003
SLFNTAATI,4.6426
FIDRGSIKI,4.3260000000000005
ATLLSQVEV,1.8939
SIGFEARIV,0.9336999999999998
ALLGERPII,3.6048
QLAKKEEEL,2.5311000000000003
SSWAVHWFS,0.1710999999999998
ELEKTRRKL,2.7018000000000004
HLEGKVILV,3.8652999999999995
KTVKNVDII,1.7470999999999997
VATFRDMLL,0.40800000000000014
SLDQTHIKT,2.6576000000000004
QLVFNSISA,1.7831000000000001
KLAKEKKLL,2.8065
YTPLMETHL,2.4165
STFSFRNAL,3.4344
NILIVLYYL,3.8674000000000004
ITTQHWLGL,1.9840000000000002
ATGRNECDV,0.9717999999999999
ALAKAAAAR,0.11699999999999999
AANDPIFVV,2.8822
DTIAHINTL,2.3244
EILRNYLRL,3.0639
NTIAVITET,1.1522000000000001
RTIILVGYM,1.473
IQLDEKSSI,1.6122999999999998
IADIRDKYM,0.6716000000000002
ILSEKRKDT,2.0707999999999998
GINNVQSLI,3.4029
VVLQQHSIA,0.486
LLSQRTRDI,3.5067
ELTLTNTSI,3.7478
LQTTIHDII,0.23809999999999998
STIANSNII,2.255
DISDVKVLA,1.6536999999999997
CTSEIQNVT,0.25370000000000004
ELNIVDEII,2.6462
LVKESMASL,3.2792000000000003
PLPSLEYGA,1.0614000000000003
KSYEHQTPF,2.0377
HNASDFYGL,0.5202
HTAEIQQFF,2.1976
ELCAEAEEL,1.8247
RLCVQSTHV,2.5621
PLEGSEDRI,1.9622
CAVIPFDDI,0.08889999999999998
EILSNTTKT,2.1557
RTRFFCIPK,0.20499999999999985
FSDARLAKL,2.4269
AVLLHEESM,1.0503
SSWAIHWFS,0.14629999999999987
YVDHYYRDY,4.5037
YSHGTGTGY,1.6929
YRKPSGGVF,0.33450000000000013
YQHLHTAPK,-0.09749999999999992
YLGTPNNTY,4.524100000000001
YHDPANWPL,3.9078000000000004
YFRNSGMTY,2.1043000000000003
WVGRASDPD,-2.0185
WQLGTRWRY,1.8339
WAGIWGGKL,0.8211
VVISKKDTY,1.7545000000000002
VSHCRATEY,-0.4415
VQLDWQGDY,1.5602999999999998
VPSGDVVRF,0.41719999999999996
VPGLPGTVL,-0.06809999999999983
VMKRNFIDF,2.6247
VKKLWGHLP,-3.6
VGYVDDTQF,-1.5617000000000005
TYQWIIRNW,0.499
TTIEDILPK,0.25440000000000007
TQIQTRRSF,-0.07609999999999995
TPPVDRMAV,0.7542
THIVRGRDL,-1.4069000000000003
TAVPWNASW,2.8465999999999996
SVMPAWQEK,1.4761000000000004
STDHIPILY,2.7258
SSLPSYAAY,1.6762000000000001
SRWGYQVKH,-1.1874
SRARIKTRL,0.33619999999999983
SQEDNHFSL,2.5982000000000003
SLRPNDIVY,3.3271000000000006
SHEGEGIPL,0.33020000000000005
SEYKAAGYL,0.9236000000000002
RYRMRHLSK,-1.7832999999999997
RVWRGEQGK,0.21830000000000038
RVDKLTQGR,0.7082000000000002
RTDPVIDNI,3.9613
RRTPRVSWK,-0.2948
RRKTNLYGF,0.49080000000000007
RRATAILRK,-1.6528999999999998
RPVSPGKDI,1.5337
RPRGHREFC,-0.8063000000000001
RPMTYKAAL,2.8029
RPAKSMDSL,1.8493000000000002
RLRQLPKKK,1.2380000000000004
RLFFIDWEY,4.7481
RHYSASFKK,0.11080000000000012
RFDEAIINY,2.4029000000000003
RDYRTISPR,-1.9130000000000003
QYPAFVLFI,1.7324
QTDDGVRFT,1.3458
QPEWFRNVL,1.5356
PVDEYITTY,3.7592
PSEDEQQGH,-3.1628999999999996
PHYNNPWNT,-0.004300000000000033
NSDPEFNVL,2.1885000000000003
NQATTKTTF,0.24250000000000005
NPALRMKWM,0.4554
NLGDKQDTF,2.4559
MTNRQFHQK,0.5175999999999998
MRVLHLDLK,-2.7929000000000004
MKWMMAMKY,-0.9000999999999999
MCFHQHLMY,0.32519999999999993
LTDDMIAAY,2.8262000000000005
LQRNWSYGF,1.4546000000000001
LPRWPPPQL,1.7934
LLKPGGVQW,2.8224
LADTSLSGY,1.2264000000000002
KVGVYKMHK,-0.40299999999999986
KTPWDRFCK,0.38339999999999996
KSWPGVQSF,1.4933999999999998
KSDPIMLLK,0.5655000000000001
KRSQDSPLK,-0.8769
KNDAVYIGY,0.3034000000000001
KLPRMFLPK,1.9053000000000002
KIFLHFSIL,3.5827999999999998
KFFPSSSYR,0.7889000000000004
KAVRGDLNF,-0.08349999999999991
IVAWTRTAT,1.1152
ITFHNQRDF,1.5509
ISYTYNDNW,2.316
ISLEAGQRF,-0.05460000000000009
IRTDSGNIL,0.34640000000000026
IRHENRMVL,0.6689
IQAGVDRFY,0.6409999999999999
IPLTEEAEL,1.1032000000000002
ILLRKGHVF,2.1778
IHYAGWVSL,0.9160000000000003
IAQLNRPAM,0.30000000000000004
HTLESPVEF,2.062
HLGGFVHAC,1.0282000000000002
HERPVILSL,1.2194
GYSFSIPGY,0.26439999999999997
GVGAPTTTY,2.0943
GTGTHPTTA,0.3249000000000001
GSEVPGFCH,-3.1158
GRYSVRYVR,-1.1086999999999998
GRNSFEVRV,0.42469999999999986
GQTGVIADY,1.0333
GMQIRGFVY,1.6772999999999998
GKIKGKYSY,-0.41239999999999966
GEVGLDLTV,0.08809999999999962
FYKRKAMAW,1.1447
FTERSDKSY,2.5137
FRNQVKIRR,-1.0575999999999999
FPVTPQVPL,2.4159
FMSLQSGDV,3.484000000000001
FCSNHFTEL,2.8642000000000003
EVWGMRWPI,4.1634
ETIFTVLAL,1.7939
ESDKGSSQS,-1.1861000000000002
ERLQICQRK,-1.5310000000000001
EPEPHILLF,1.4041
EKPKFLPDL,1.0595999999999997
EIKFNDITF,1.9771
EHFYWGSVF,0.5751999999999998
EFFDTEPQL,2.3589
EENLIDFAS,-2.2308
EEFLQCGRL,-0.5353999999999997
DYPDDFMDK,-0.37389999999999973
DVIGNDRQE,-1.3726999999999998
DSPIGPIML,0.16620000000000013
DQFSIPIRY,1.3060999999999998
DLSNSMRDF,2.5519999999999996
DFPIFNQRY,0.36560000000000015
CYPRLWGVR,-3.4375
CLWLLTLGL,2.6673
AYQQGVKTL,0.9264000000000002
ATVVIGTSK,-0.5373999999999999
ASYRLCLYR,-0.24309999999999998
ASDPSFPDI,3.1003999999999996
ARADGILRF,-0.34419999999999995
APRTVALTA,-0.3040999999999999
APIEHIASM,1.8227000000000002
ALEPGFKDY,3.5207999999999995
AIKPITDQF,2.7001
AFGLFWLVW,-0.20940000000000025
AENGWGFYF,1.7992
AEGTGITHL,-0.7433000000000001
AANEIRISK,0.055300000000000016
QLDPARDVL,3.8972
EMKTQLEEL,2.8004
NIKISLNEI,2.5489
VTFQGKFKK,0.5158
GALYLGHSA,-0.5736000000000001
IAGLKIEEI,0.06709999999999994
LTSVDIETA,-0.009099999999999955
ETAKVIKLV,2.2016999999999998
SILRVGTLT,1.6733999999999998
DLNLGNLNV,3.0255
SLETVKMGA,1.7577999999999998
TAIRAGYSI,1.5759999999999998
LTDVEKRIL,0.8255000000000003
LIYYQNEVT,1.5170999999999997
TVEFDRDKV,1.4526
STKADAVVA,-0.40180000000000005
PLTINKEEA,-0.09699999999999986
ELEKSKRAL,2.6656999999999997
DVIKSISSI,3.0215
VVIVENDNV,1.7041
NVSIPWTHK,-0.1993999999999998
ETFNTPAMY,2.6755
IAIFNNRNL,0.797
QAKKPEVRI,0.6467
TTNNLLEQL,2.1232
NILGGVLHT,0.8744999999999998
WTGNYFTDT,2.2702
LTPFEKEFT,-0.10959999999999998
EIKNRDKIV,2.207
PTEMVDVSM,0.44330000000000014
ELTSNCTRT,2.2313
YTAGNKVDV,3.5902999999999996
YCLERWMLV,2.4356
WLGHPDKFV,3.6939
VVKKLSVIR,-0.8264999999999998
VTKRDESSI,1.7359
VIRLLIWAY,2.3609
TVANNPDDK,0.0978
TLNHVLALK,1.5843999999999994
TAEQLSKYV,1.7923
SRLKPSSFK,-0.6933000000000001
SLQTIASKK,1.0951
SANMDWRSL,0.7891000000000001
RPDTRHLRV,1.9066
RASTTENAA,-0.17479999999999998
QLGLAANQT,0.36870000000000014
PVIVPDIKL,1.1220000000000003
PTIEDDKIV,0.9905999999999999
PANINDKQI,-0.15839999999999987
NTKSDIDVI,1.7246000000000001
NMGLKFRQL,1.8506
NIERQDYRR,-0.055500000000000105
NAHEGQLVI,1.0213999999999999
LVKMINHLK,0.13960000000000017
LTHGADPNA,0.6501
LMHLVSLYK,1.0549
KTTLFHTFK,0.30709999999999993
KMKEIAEAY,2.5636
KAGQYVTIW,1.5646
ITNTKSDNI,2.133
IPRRNVATL,1.6054000000000002
HSKKKCDDL,0.6842
GITRPTTVV,3.02
FTSYKRFVT,1.865
FPRGQGVPI,2.1776999999999997
EVRIPVDLV,1.7113
ETVKMGAFM,1.4927
ESRDRKWLY,1.2026
ELRHYSDSV,4.1313
ELADARRAL,3.1744
EIARIENEM,2.0378
DVSRPTTAV,3.2451
DVHIPKFKV,2.2683
DTIESAKTK,-0.2640999999999998
DLQQSLRVL,2.8329999999999997
DLKDLEAHI,2.9478
DICSKHMDA,0.4102
CIRNASKFV,2.447
AVNTPVSMT,1.4603000000000002
ASLPTTIAK,-0.2559
AIKNYYRKT,1.7967
AAEQRRSTI,1.7266
